NOTICE_DATE,JOB_SITE_NAME,COUNTY_NAME,WDA_NAME,TOTAL_LAYOFF_NUMBER,LayOff_Date,WFDD_RECEIVED_DATE,CITY_NAME
01/28/2022,Amentum,Bowie,North East Texas WDA,178,03/27/2022,01/28/2022,New Boston
01/06/2022,"Stearns Lending, LLC - Corporate Dr.",Denton,North Central Texas WDA,348,03/13/2022,01/06/2022,Lewisville
12/16/2021,"Monitronics International, Inc. dba Brinks Home",Dallas,Dallas County WDA,42,12/17/2021,12/20/2021,Dallas
12/13/2021,Central Freight Lines - San Antonio,Bexar,Alamo WDA,66,12/17/2021,12/16/2021,San Antonio
12/13/2021,Central Freight Lines,McLennan,Heart of Texas WDA,153,12/13/2021,12/16/2021,Waco
12/13/2021,Central Freight Lines - Houston,Harris,Gulf Coast WDA,162,12/13/2021,12/16/2021,Houston
12/13/2021,"Central Freight Lines, Inc.",Tarrant,Tarrant County WDA,292,12/13/2021,12/16/2021,Ft. Worth
12/06/2021,"Change Healthcare Operations, LLC",Hunt,North Central WDA,145,02/04/2022,12/06/2021,Greenville
11/30/2021,Laredo Transit Management-El Metro Transit,Webb,South Texas WDA,168,01/31/2022,12/02/2021,Laredo
11/23/2021,"Marshal S. Frumin, M.D.",Fort Bend,Gulf Coast WDA,6,12/31/2021,12/02/2021,Sugar Land
11/13/2021,Cypress Creek Emergency Medical Services,Montgomery,Gulf Coast WDA,102,11/13/2021,11/23/2021,Spring
11/04/2021,Zillow Group,Dallas,Dallas County WDA,32,01/03/2022,11/04/2021,Coppell
11/04/2021,YMCA - Waco,McLennan,Heart of Texas WDA,127,12/31/2021,11/04/2021,Waco
10/29/2021,"Odle Management Group, LLC",El Paso,Borderplexjobs WDA,134,10/25/2021,10/29/2021,El Paso
10/11/2021,Luminant Mining Co.-Martin Lake Liberty Mine,Rusk,East Texas WDA,160,12/26/2021,11/08/2021,Tatum
09/30/2021,InterContinental-Stephen F Austin,Travis,Capital Area WDA,35,11/30/2020,03/05/2021,Austin
09/27/2021,NPL,Dallas,Dallas County WDA,60,10/16/2021,09/29/2021,Garland
09/27/2021,NPL - Shiloh Rd.,Dallas,Dallas County WDA,6,10/16/2021,09/29/2021,Garland
09/22/2021,The Children's Shelter-Family Tapestry,Bexar,Alamo WDA,41,11/20/2021,10/11/2021,San Antonio
09/09/2021,CEVA Logistics - Raytheon Facility,Denton,North Central Texas WDA,87,11/09/2021,09/27/2021,Carrollton
09/09/2021,Disney Streaming Technology LLC,Montgomery,Gulf Coast WDA,63,11/10/2021,09/16/2021,The Woodlands
09/09/2021,The Woodlands Enterprises LLC,Montgomery,Gulf Coast WDA,181,11/10/2021,09/15/2021,The Woodlands
08/30/2021,Amentum,Bowie,North East Texas WDA,92,10/29/2021,09/14/2021,New Boston
08/30/2021,Leidos-Killeen,Bell,Central Texas WDA,60,09/29/2021,08/30/2021,Killeen
08/17/2021,Basic Energy Services-Denver City,Yoakum,South Plains WDA,57,10/19/2021,08/20/2021,Denver City
08/17/2021,Basic Energy Services-Andrews2,Andrews,Permian Basin WDA,63,10/19/2021,08/20/2021,Andrews
08/17/2021,Basic Energy Services-Big Springs2,Howard,Permian Basin WDA,135,10/19/2021,08/20/2021,Big Spring
08/17/2021,Basic Energy Services-Ft Worth-ALM Regent,Tarrant,Tarrant County WDA,120,10/19/2021,08/20/2021,Ft. Worth
08/17/2021,Basic Energy Services-Andrews,Andrews,Permian Basin WDA,63,10/19/2021,08/20/2021,Andrews
08/17/2021,Basic Energy Services-Kennedy,Karnes,Gulf Coast WDA,56,10/19/2021,08/20/2021,Kenedy
08/09/2021,Garland Behvaioral Hospital,Dallas,Dallas County WDA,119,10/07/2021,08/10/2021,Garland
08/02/2021,Interim Healthcare-San Antonio,Bexar,Alamo WDA,366,10/01/2021,08/03/2021,San Antonio
07/27/2021,Crothall Healthcare-DeTar Healthcare,Victoria,Golden Crescent WDA,53,09/30/2021,08/03/2021,Victoria
07/27/2021,Management & Training-Willacy County Regional Correction,Willacy,Lower Rio Grande Valley WDA,186,09/30/2021,07/27/2021,Raymondville
07/09/2021,U.S. Well Services - Pleasanton,Atascosa,Alamo WDA,66,09/07/2021,07/12/2021,Pleasanton
07/07/2021,Tranter Inc.,Wichita,North Texas WDA,78,10/01/2021,07/08/2021,Wichita Falls
07/03/2021,Fusion Logistics Inc. - Farmers Branch,Dallas,Dallas County WDA,57,07/12/2021,07/08/2021,Farmers Branch
07/03/2021,Fusion Logistics Inc. - Garland,Dallas,Dallas County WDA,50,07/12/2021,07/08/2021,Garland
07/03/2021,Fusion Logistics  Inc. - Coppell,Dallas,Dallas County WDA,62,07/12/2021,07/08/2021,Coppell
07/03/2021,Fusion Logistics Inc. - Ft. Worth,Tarrant,Tarrant County WDA,53,07/12/2021,07/08/2021,Fort Worth
07/03/2021,Fusion Logistics Inc. - Houston,Harris,Gulf Coast WDA,81,07/12/2021,07/08/2021,Houston
07/01/2021,"XPO Logistics Supply Chain, LLC",Bexar,Alamo WDA,29,08/02/2021,07/23/2021,San Antonio
07/01/2021,Turner Industries,Lamar,North East Texas WDA,250,08/30/2021,07/01/2021,Paris
07/01/2021,"Cubic ITS, Inc.",Fort Bend,Gulf Coast WDA,80,02/01/2022,07/01/2021,Sugar Land
06/16/2021,TT Electronics (IRC),Nueces,Coastal Bend WDA,73,08/16/2021,06/17/2021,Corpus Christi
06/07/2021,Electronic Transaction Consultants,Dallas,Dallas County WDA,34,07/30/2021,06/07/2021,Richardson
06/04/2021,"Progenity, Inc.-Fuller Dr.",Dallas,Dallas County WDA,51,08/06/2021,06/07/2021,Irving
06/01/2021,"Progenity, Inc.-Riverside Dr.",Dallas,Dallas County WDA,9,08/06/2021,06/07/2021,Irving
06/01/2021,"Mattison Pathology, LLP dba Avero Diagnotics",Dallas,Dallas County WDA,5,08/06/2021,06/07/2021,Irving
06/01/2021,Mattison Pathollogy dba Avero Diagnotics-Fuller Dr.,Dallas,Dallas County WDA,7,08/06/2021,06/07/2021,Irving
06/01/2021,Katerra Inc.,Dallas,Dallas County WDA,82,06/04/2021,06/01/2021,Carrollton
06/01/2021,Texas Golden Peanut -ADM,El Paso,Borderplexjobs WDA,86,07/31/2021,06/03/2021,El Paso
05/25/2021,Probe Group North America LLC,Denton,North Central Texas WDA,150,07/31/2021,06/01/2021,Lewisville
05/24/2021,U.S. Well Services,Tom Green,Concho Valley WDA,63,07/20/2021,05/24/2021,San Angelo
05/24/2021,U.S. Well Services - Pleasanton,Atascosa,Alamo WDA,108,07/23/2021,05/24/2021,Pleasanton
05/20/2021,"AIG Technologies, Inc.",Tarrant,Tarrant County WDA,63,07/23/2021,05/20/2021,Fort Worth
05/14/2021,The Children's Shelter-Family Tapestry,Bexar,Alamo WDA,93,07/13/2021,05/17/2021,San Antonio
05/12/2021,Legend Energy Service-Longview,Gregg,East Texas WDA,118,05/15/2021,05/20/2021,Longview
05/06/2021,Aramark Educational Services - SFASU,Nacogdoches,Deep East Texas WDA,215,06/30/2021,05/20/2021,Nacogdoches
05/03/2021,Reliant Transportation,Denton,North Central Texas WDA,259,05/29/2021,05/04/2021,Justin
05/03/2021,Reliant Transportation-West Lot,Tarrant,Tarrant County WDA,98,05/29/2021,05/04/2021,Haslet
04/29/2021,EnerVest Ltd.,Harris,Gulf Coast WDA,111,06/28/2021,04/30/2021,Houston
04/28/2021,Concentrix CVG,Webb,South Texas WDA,422,08/21/2021,04/28/2021,Laredo
04/26/2021,Art Asset-Dallas,Dallas,Dallas County WDA,7,04/23/2021,05/12/2021,Grand Prairie
04/26/2021,Art Asset-Austin 1,Travis,Capital Area WDA,5,04/23/2021,05/12/2021,Austin
04/26/2021,Art Asset-Houston,Harris,Gulf Coast WDA,12,04/23/2021,05/12/2021,Houston
04/26/2021,Art Asset-San Antonio North,Bexar,Alamo WDA,3,04/23/2021,05/12/2021,San Antonio
04/26/2021,Art Asset-San Antonio Central,Bexar,Alamo WDA,2,04/23/2021,05/12/2021,San Antonio
04/26/2021,Art Asset-Austin Corporate,Williamson,Rural Capital WDA,9,04/23/2021,05/12/2021,Austin
04/26/2021,Art Asset-El Paso,El Paso,Borderplexjobs WDA,1,04/23/2021,05/12/2021,El Paso
04/26/2021,Art Asset-Killeen,Bell,Central Texas WDA,2,04/23/2021,05/12/2021,Killeen
04/26/2021,Art Asset-Brownsville,Hidalgo,Lower Rio Grande Valley WDA,2,04/23/2021,05/12/2021,Weslaco
04/26/2021,"Conduit Global-kgb USA, Inc.",Bexar,Alamo WDA,245,07/26/2021,04/29/2021,San Antonio
04/23/2021,"Texas Capital Bank, NA - MCA",Dallas,Dallas County WDA,95,05/07/2021,05/10/2021,Richardson
04/20/2021,Five Star Senior Living Inc.,Bexar,Alamo WDA,63,04/30/2021,04/27/2021,San Antonio
04/19/2021,Sodexo-Texoma Medical Center,Grayson,Texoma WDA,105,06/20/2021,04/29/2021,Denison
04/16/2021,Leidos-VA Austin IT Center,Travis,Capital Area WDA,140,06/06/2021,04/13/2021,Austin
04/15/2021,Union Pacific Palestine Car Facility,Anderson,East Texas WDA,57,06/14/2021,04/27/2021,Palestine
04/15/2021,Frontier Communications Corp.-Citizens Telecom Services,Collin,North Central Texas WDA,33,06/30/2021,04/15/2021,Allen
04/15/2021,Kindred Hospital - Mansfield,Tarrant,Tarrant County WDA,156,06/14/2021,04/15/2021,Mansfield
04/09/2021,GDC Technics,Bexar,Alamo WDA,56,04/09/2021,04/15/2021,San Antonio
04/09/2021,GDC Technics - Ft. Worth,Denton,North Central Texas WDA,120,04/09/2021,04/15/2021,Fort Worth
03/31/2021,"Fresenius Health Partners, I c.",Travis,Capital Area WDA,121,05/31/2021,04/06/2021,Austin
03/31/2021,Furr's Fresh Buffet-McAllen,Hidalgo,Lower Rio Grande Valley WDA,71,06/04/2021,03/31/2021,McAllen
03/25/2021,Ovintive USA Inc.,Karnes,Alamo WDA,95,07/31/2021,03/25/2021,Karnes City
03/23/2021,"CSG Systems, Inc.",Travis,Capital Area WDA,57,06/30/2021,03/29/2021,Austin
03/18/2021,"Thyssenkrupp Supply Chain Services, Inc.",Harris,Gulf Coast WDA,30,07/31/2021,03/18/2021,Houston
03/18/2021,Renaissance Dallas Addison Hotel,Dallas,Dallas County WDA,134,03/16/2020,03/22/2021,Addison
03/18/2021,Dallas Marriott Las Colinas,Dallas,Dallas County WDA,59,03/16/2020,03/22/2021,Irving
03/18/2021,Renaisance Dallas Addison Hotel - Ft. Worth,Tarrant,Tarrant County WDA,53,03/16/2020,03/22/2021,Ft. Worth
03/12/2021,Hilton-Austin,Travis,Capital Area WDA,64,02/18/2021,03/26/2021,Austin
03/09/2021,Walmart #5931,Dallas,Dallas County WDA,217,03/30/2021,03/09/2021,Dallas
03/05/2021,"Wonderful Citrus Packing, LLC",Hidalgo,Lower Rio Grande Valley WDA,141,03/04/2021,03/12/2021,Mission
03/02/2021,"Relyant Global, LLC",Hidalgo,Cameron County WDA,70,05/07/2021,03/02/2021,San Juan
02/25/2021,West Texas Medical Associates,Tom Green,Concho Valley WDA,114,04/03/2021,03/05/2021,San Angelo
02/21/2021,American Airlines-DFW,Tarrant,Tarrant County WDA,2475,04/01/2020,03/08/2021,DFW Airport
02/15/2021,Coca Cola North America,Dallas,Dallas County WDA,76,04/15/2021,03/04/2021,Grand Prairie
02/10/2021,Hilton Anatole,Dallas,Dallas County WDA,206,04/10/2021,03/11/2021,Dallas
02/08/2021,Seadrill Americas-West Neptune,Harris,Gulf Coast WDA,162,03/01/2021,03/05/2021,Houston
02/08/2021,CBRE,Dallas,Dallas County WDA,193,04/30/2021,02/11/2021,Dallas
02/05/2021,American Airlines-DFW Hangar,Tarrant,Tarrant County WDA,50,04/01/2021,03/08/2021,DFW Airport
02/05/2021,American Airlines-DFW Admin Bldg,Tarrant,Tarrant County WDA,16,04/01/2020,03/08/2021,DFW Airport
02/05/2021,American Airlines-HDQ,Tarrant,Tarrant County WDA,229,04/01/2020,03/08/2021,Ft. Worth
02/05/2021,American Airlines-HDQ2,Tarrant,Tarrant County WDA,41,04/01/2021,03/09/2021,Ft. Worth
02/05/2021,American Airlines - Ft Worth,Tarrant,Tarrant County WDA,9,04/02/2021,03/08/2021,Fort Worth
02/05/2021,American Airlines-Flight Training,Tarrant,Tarrant County WDA,103,04/01/2021,03/08/2021,Ft. Worth
02/05/2021,American Airlines-Delta Hanger,Dallas,Dallas County WDA,38,04/01/2020,03/08/2021,DFW Airport
02/05/2021,American Airlines-SRO,Tarrant,Tarrant County WDA,2,04/01/2021,03/08/2021,Ft. Worth
02/01/2021,Columbia Commercial Building Products,Rockwall,North Central Texas WDA,59,04/02/2021,03/05/2021,Rockwall
01/28/2021,"Trinity Rail Maintenance Services, Inc.",Orange,South East Texas WDA,59,04/30/2021,01/28/2021,Vidor
01/28/2021,CACI-ISS,Bexar,Alamo WDA,73,02/28/2021,02/02/2021,San Antonio
01/27/2021,Baylor Scott & White Health-Elm St,Dallas,Dallas County WDA,46,03/03/2021,03/05/2021,Dallas
01/27/2021,Baylor Scott & White Health-Main St,Dallas,Dallas County WDA,25,03/03/2021,03/05/2021,Dallas
01/27/2021,Baylor Scott & White Health-Round Rock,Williamson,Rural Capital WDA,83,03/03/2021,03/05/2021,Round Rock
01/27/2021,Baylor Scott & White Health-Austin,Travis,Capital Area WDA,62,03/03/2021,03/05/2021,Austin
01/25/2021,Lucite International,Jefferson,South East Texas WDA,99,05/01/2021,01/28/2021,Nederland
01/21/2021,Gibraltar US,Cameron,Cameron County WDA,96,03/22/2021,01/22/2021,San Benito
01/14/2021,Johnson Controls-Ruskin Rooftop Systems,Dallas,Dallas County WDA,151,03/31/2021,01/22/2021,Carrollton
01/14/2021,Alliance Data Card Services,Bexar,Alamo WDA,50,04/01/2021,01/15/2021,San Antonio
01/13/2021,ADS Alliance Data Systems,Bexar,Alamo WDA,50,04/01/2021,01/27/2021,San Antonio
01/08/2021,"Par-Pak, Inc.",Harris,Gulf Coast WDA,1,03/25/2021,01/08/2021,Houston
01/08/2021,Albertsons #3064,Harris,Gulf Coast WDA,67,02/20/2021,01/08/2021,Bellaire
01/06/2021,"VT Industries, Inc.",Bexar,Alamo WDA,104,03/12/2021,01/22/2021,Universal City
01/06/2021,Transform SR LLC-San Antonio,Bexar,Alamo WDA,67,03/07/2021,01/22/2021,San Antonio
01/05/2021,DHL - Baytown,Harris,Gulf Coast WDA,97,03/15/2021,01/06/2021,Baytown
12/22/2020,IBEX,Comal,Alamo WDA,248,02/16/2021,12/23/2020,New Braunfels
12/22/2020,BoomerangTube LLC - FM 3361,Liberty,Gulf Coast WDA,150,12/23/2020,12/30/2020,Liberty
12/21/2020,ACCC Insurance Company,Harris,Gulf Coast WDA,122,12/30/2020,12/21/2020,Houston
12/15/2020,"Halliburton Energy Services, Inc. - Carrollton",Dallas,Dallas County WDA,216,12/15/2020,12/15/2020,Carrollton
12/15/2020,"Parsley Energy, Inc. - Midland",Midland,Permian Basin WDA,100,02/15/2021,12/15/2020,Midland
12/15/2020,EVO Transportation,Travis,Capital Area WDA,104,01/09/2021,12/16/2020,Austin
12/14/2020,Hyatt Regency DFW,Tarrant,Tarrant County WDA,111,12/04/2020,12/15/2020,DFW Airport
12/14/2020,Manitou Equipment America,McLennan,Heart of Texas WDA,149,02/26/2021,12/15/2020,Waco
12/14/2020,"Laz Parking Texas, LLC",Dallas,Dallas County WDA,135,11/23/2020,12/16/2020,Dallas
12/10/2020,"Patrician Window Coverings, Inc.",Harris,Gulf Coast WDA,95,02/12/2021,12/11/2020,Webster
12/08/2020,Morrison Healthcare - University of Texas Medical Branch,Galveston,Gulf Coast WDA,149,12/23/2020,12/11/2020,Galveston
12/08/2020,Angleton Danbury Hospital,Brazoria,Gulf Coast WDA,12,12/23/2020,12/11/2020,Angleton
12/08/2020,League City Campus Hospital,Galveston,Gulf Coast WDA,15,12/23/2020,12/11/2020,League City
12/08/2020,Clear Lake Campus Hospital,Harris,Gulf Coast WDA,27,12/23/2020,12/11/2020,Webster
12/08/2020,LEH-S Presa St,Bexar,Alamo WDA,33,02/03/2021,12/16/2020,San Antonio
12/08/2020,LEH -BDA Crossing,Bexar,Alamo WDA,50,02/03/2021,12/16/2020,San Antonio
12/08/2020,LEH-Elmendorf,Bexar,Alamo WDA,5,02/03/2021,12/16/2020,Elmendorf
12/08/2020,LEH-Falls City,Karnes,Alamo WDA,4,02/03/2021,12/16/2020,Falls City
12/08/2020,Allied Universal Security Services,Tarrant,Tarrant County WDA,88,01/31/2021,12/09/2020,Arlington
12/08/2020,Tom Thumb #2574,Tarrant,Tarrant County WDA,11,02/27/2021,12/10/2020,Ft. Worth
12/08/2020,Tom Thumb #2642,Dallas,Dallas County WDA,17,02/27/2021,12/10/2020,Dallas
12/08/2020,Tom Thumb #1788,Collin,North Central Texas WDA,17,02/27/2021,12/10/2020,Plano
12/08/2020,Tom Thumb #1786,Dallas,Dallas County WDA,16,02/27/2021,12/10/2020,Grand Prairie
12/08/2020,Tom Thumb #2578,Dallas,Dallas County WDA,10,02/27/2021,12/10/2020,Garland
12/08/2020,Tom Thumb #3658,Tarrant,Tarrant County WDA,16,02/27/2021,12/10/2020,Arlington
12/08/2020,Tom Thumb #1781,Dallas,Dallas County WDA,10,02/27/2021,12/10/2020,Coppell
12/07/2020,"Parsley Energy, Inc.-Congress Ave",Travis,Capital Area WDA,85,02/08/2021,12/10/2020,Austin
12/07/2020,"Parsley Energy, Inc.-ABA",Travis,Capital Area WDA,2,02/08/2021,12/10/2020,Austin
12/07/2020,"Parsley Energy, Inc.-Colorado St.",Travis,Capital Area WDA,147,02/08/2021,12/10/2020,Austin
12/04/2020,Francesca's Holdings Corp - Clay Rd.,Harris,Gulf Coast WDA,223,01/13/2021,12/04/2020,Houston
12/04/2020,"Sable Permian Resourcces Operating, LLC - Big Lake",Reagan,Concho Valley WDA,81,02/02/2021,12/08/2020,Big Lake
12/04/2020,"Sable Permian Resources Operating, LLC",Harris,Gulf Coast WDA,100,02/02/2021,12/08/2020,Houston
12/03/2020,Southwest - Customer Service & Support,Bexar,Alamo WDA,106,03/15/2021,12/04/2020,San Antonio
03/05/2020,Concentrix CVG,Webb,South Texas WDA,135,05/04/2020,03/05/2020,Laredo
12/03/2020,Southwest - San Antonio Int'l Airport,Bexar,Alamo WDA,36,03/05/2021,12/04/2020,San Antonio
12/03/2020,Southwest - Customer Service and Support,Harris,Gulf Coast WDA,79,03/15/2021,12/04/2020,Houston
12/03/2020,Southwest-Dallas Love Field,Dallas,Dallas County WDA,465,03/15/2021,12/10/2020,Dallas
12/03/2020,Southwest-ABA,Travis,Capital Area WDA,77,03/15/2021,12/10/2020,Austin
12/03/2020,Southwest-Dallas,Dallas,Dallas County WDA,10,04/01/2021,12/10/2020,Dallas
12/03/2020,Southwest - William P. Hobby,Harris,Gulf Coast WDA,54,03/15/2021,12/04/2020,Houston
12/02/2020,Exxon Mobil Campus,Harris,Gulf Coast WDA,677,02/02/2021,12/03/2020,Spring
12/02/2020,ExxonMobil Hughes Landing - 1735,Montgomery,Gulf Coast WDA,35,02/02/2021,12/03/2020,The Woodlands
12/02/2020,ExxonMobil Hughes Landing - 1725,Montgomery,Gulf Coast WDA,10,02/02/2021,12/03/2020,The Woodlands
11/30/2020,Stork  (A FLUOR Company),Liberty,Gulf Coast WDA,18,01/29/2021,11/30/2020,Dayton
11/30/2020,Fluor - Port Neches,Jefferson,South East Texas WDA,113,01/29/2021,11/30/2020,Port Neches
11/30/2020,ConocoPhillips - 935 N.,Harris,Gulf Coast WDA,,02/01/2021,12/03/2020,Houston
11/30/2020,ConocoPhillips - Park Row,Harris,Gulf Coast WDA,,02/01/2021,12/03/2020,Houston
11/24/2020,Compass Group Eurest - Airport FWY,Tarrant,Tarrant County WDA,2,12/01/2020,11/25/2020,Fort Worth
11/24/2020,Compass Group Eurest - Hwy 360,Tarrant,Tarrant County WDA,12,12/01/2020,11/25/2020,Fort Worth
11/24/2020,Compass Group Eurest - American Blvd.,Tarrant,Tarrant County WDA,2,12/01/2020,11/25/2020,Fort Worth
11/24/2020,Compass Group Eurest - One Transformation Way,Tarrant,Tarrant County WDA,4,12/01/2020,11/25/2020,Fort Worth
11/24/2020,Compass Group Eurest,Tarrant,Tarrant County WDA,32,12/01/2020,11/25/2020,Fort Worth
11/24/2020,"Hilite Industries-Automotive, LLC",Dallas,Dallas County WDA,139,01/19/2021,11/24/2020,Carrollton
11/24/2020,Compass Group Eurest - 4501 Hwy 360,Tarrant,Tarrant County WDA,37,12/01/2020,11/25/2020,Fort Worth
11/18/2020,Tailored Shared Services,Harris,Gulf Coast WDA,61,08/21/2020,11/18/2020,Houston
11/18/2020,Southwest-Hobby Airport,Harris,Gulf Coast WDA,35,01/25/2021,11/18/2020,Houston
11/18/2020,Southwest - Dallas Lovefield Airport,Dallas,Dallas County WDA,82,01/25/2021,11/18/2020,Dallas
11/13/2020,XPO Logistics Supply-Lancaster,Dallas,Dallas County WDA,53,01/10/2021,11/13/2020,Lancaster
11/12/2020,Electronic Transaction Consultants,Dallas,Dallas County WDA,68,01/04/2021,11/12/2020,Richardson
11/06/2020,Sodexo-El Paso,El Paso,Borderplexjobs WDA,177,03/01/2020,11/09/2020,El Paso
11/06/2020,Southwest - Dallas Lovefield Airport,Dallas,Dallas County WDA,8,01/11/2021,11/06/2020,Dallas
11/06/2020,Southwest - William P. Hobby Airport,Harris,Gulf Coast WDA,8,01/11/2021,11/06/2020,Houston
11/06/2020,Sodexo-Austin,Travis,Capital Area WDA,80,03/01/2020,11/09/2020,Austin
11/02/2020,CDI HS - Muleshoe Center,Bailey,South Plains WDA,9,12/31/2020,11/05/2020,Muleshoe
11/02/2020,CDI HS - Central Office Admin,Webb,South Texas WDA,13,12/31/2020,11/05/2020,Laredo
11/02/2020,CDI HS - Alice Center,Jim Wells,Coastal Bend WDA,13,12/31/2020,11/05/2020,Alice
11/02/2020,CDI HS - Crystal City Satellite,Zavala,Middle Rio Grande WDA,10,12/31/2020,11/05/2020,Crystal City
11/02/2020,CDI HS - Eagle Pass II Center,Maverick,Middle Rio Grande WDA,20,12/31/2020,11/05/2020,Eagle Pass
11/02/2020,CDI HS - Eagle Pass I/T Center,Maverick,Middle Rio Grande WDA,25,12/31/2020,11/05/2020,Eagle Pass
11/02/2020,CDI HS - Falfurrias Center,Brooks,Coastal Bend WDA,14,12/31/2020,11/05/2020,Falfurrias
11/02/2020,CDI HS - Floydada Center,Floyd,South Plains WDA,9,12/31/2020,11/05/2020,Floydada
11/02/2020,CDI HS - Henry Bonilla Center,Webb,South Texas WDA,13,12/31/2020,11/05/2020,Laredo
11/02/2020,CDI HS - Laredo Norton Admin,Webb,South Texas WDA,19,12/31/2020,11/05/2020,Laredo
11/02/2020,CDI HS - Mathis Center,San Patricio,Coastal Bend WDA,15,12/31/2020,11/05/2020,Mathis
11/02/2020,CDI HS - Pearsall Center,Frio,Alamo WDA,10,12/31/2020,11/05/2020,Pearsall
11/02/2020,CDI HS - Plainview Center,Hale,South Plains WDA,5,12/31/2020,11/05/2020,Plainview
11/02/2020,CDI HS - Rio Grande City Center,Starr,Lower Rio Grande Valley WDA,25,12/31/2020,11/05/2020,Rio Grande City
11/02/2020,CDI HS - Roma Center,Starr,Lower Rio Grande Valley WDA,23,12/31/2020,11/05/2020,Roma
11/02/2020,CDI HS - Uvalde Center,Uvalde,Middle Rio Grande WDA,12,12/31/2020,11/05/2020,Uvalde
11/02/2020,CDI HS - Lubbock Center,Lubbock,South Plains WDA,14,12/31/2020,11/05/2020,Lubbock
10/29/2020,Alorica-Austin,Travis,Capital Area WDA,712,12/31/2020,10/29/2020,Austin
10/28/2020,Cheddar's Scratch Kitchen - McAllen,Hidalgo,Lower Rio Grande Valley WDA,52,12/30/2020,10/28/2020,McAllen
10/27/2020,Regal Cinema-Tomball,Harris,Gulf Coast WDA,51,10/08/2020,10/27/2020,Tomball
10/27/2020,Regal Cinema-Houston,Harris,Gulf Coast WDA,49,10/08/2020,10/27/2020,Houston
10/27/2020,VillaSport - Katy,Fort Bend,Gulf Coast WDA,43,12/21/2020,10/27/2020,Katy
10/27/2020,VillaSport - Cypress,Harris,Gulf Coast WDA,47,12/21/2020,10/27/2020,Cypress
10/27/2020,VillaSport,Montgomery,Gulf Coast WDA,48,12/21/2020,10/27/2020,The Woodlands
10/23/2020,Grand Hyatt Dallas-Ft Worth,Tarrant,Tarrant County WDA,75,03/22/2020,10/26/2020,DFW Airport
10/22/2020,"Remedy Applications, Inc.",Travis,Capital Area WDA,82,10/22/2020,10/26/2020,Austin
10/20/2020,Transform SR LLC - Round Rock,Williamson,Rural Capital WDA,170,12/12/2020,10/20/2020,Round Rock
10/20/2020,Methodist Southlake Hospital,Denton,Tarrant County WDA,153,12/19/2020,10/20/2020,Southlake
10/16/2020,Aramark-Whataburger Field,Nueces,Coastal Bend WDA,86,10/16/2020,10/21/2020,Corpus Ch
10/16/2020,Aramark-Minute Maid Park,Harris,Gulf Coast WDA,751,10/16/2020,10/21/2020,Houston
10/16/2020,Aramark-Cynthia Woods Mitchell Pavillion,Montgomery,Gulf Coast WDA,75,10/16/2020,10/21/2020,The Woodlands
10/16/2020,Hyatt Regency Hotel,Dallas,Dallas County WDA,101,03/18/2020,10/19/2020,Dallas
10/16/2020,Aramark - AT&T Center,Bexar,Alamo WDA,287,10/16/2020,10/19/2020,San Antonio
10/15/2020,Transocean Offshore Deepwater Drilling-Deepwater Asgard,Harris,Gulf Coast WDA,100,12/01/2020,10/21/2020,Houston
10/13/2020,Wyndham - Riverside Suites Sales,Bexar,Alamo WDA,3,09/18/2020,10/14/2020,San Antonio
10/13/2020,Turner Industries,Lamar,North East Texas WDA,190,12/11/2020,10/13/2020,Paris
10/05/2020,"Securitas Critical Infrastructure Services, Inc.",Somervell,North Central Texas WDA,142,12/07/2020,10/05/2020,Glen Rose
09/29/2020,The Expo Group Inc.,Dallas,Dallas County WDA,114,03/11/2020,09/29/2020,Irving
09/18/2020,Freeman Company-Davis St.,Dallas,Dallas County WDA,33,09/23/2020,09/21/2020,Dallas
09/18/2020,Freeman Audio Visual -San Antonio,Bexar,Alamo WDA,1,06/30/2020,09/21/2020,San Antonio
09/18/2020,Freeman Company -San Antonio,Bexar,Alamo WDA,15,06/30/2020,09/21/2020,San Antonio
09/18/2020,"Freeman Corporate, LLC",Dallas,Dallas County WDA,28,09/23/2020,09/21/2020,Dallas
09/18/2020,Freeman Digi Ventures,Dallas,Dallas County WDA,3,09/23/2020,09/21/2020,Dallas
09/18/2020,Freeman Digi Ventures-Davis St.,Dallas,Dallas County WDA,2,09/23/2020,09/21/2020,Dallas
09/18/2020,"Freeman Expositions, LLC",Dallas,Dallas County WDA,21,09/23/2020,09/21/2020,Dallas
09/18/2020,Freeman Expositions-Davis St.,Dallas,Dallas County WDA,20,09/23/2020,09/21/2020,Dallas
09/18/2020,Freeman Audio Visual,Dallas,Dallas County WDA,57,09/23/2020,09/21/2020,Dallas
09/18/2020,Freeman Company,Dallas,Dallas County WDA,83,09/23/2020,09/21/2020,Dallas
09/18/2020,Freeman Expositions,Bexar,Alamo WDA,34,06/30/2020,09/21/2020,San Antonio
09/17/2020,Sur La Table Store 17,Harris,Gulf Coast WDA,10,09/01/2020,09/17/2020,Houston
09/17/2020,P.F. Chang's -McAllen,Hidalgo,Lower Rio Grande Valley WDA,75,03/01/2020,09/21/2020,McAllen
09/17/2020,P.F. Chang's -Waco,McLennan,Heart of Texas WDA,75,03/01/2020,09/21/2020,Waco
09/17/2020,"P.F. Chang's -Colony,TX",Denton,North Central Texas WDA,75,03/01/2020,09/21/2020,The Colony
09/17/2020,"P.F. Chang's -Allen,TX",Collin,North Central Texas WDA,75,03/01/2020,09/21/2020,Allen
09/17/2020,P.F. Chang's -Basse Rd,Bexar,Alamo WDA,75,03/01/2020,09/18/2020,San Antonio
09/04/2020,Z Gallerie Store #68,Harris,Gulf Coast WDA,9,07/01/2020,09/14/2020,Houston
09/04/2020,Z Gallerie Store #51,Dallas,Dallas County WDA,6,07/01/2020,09/14/2020,Dallas
09/04/2020,JC Penney - Plano2     (Collin Creek Mall),Collin,North Central Texas WDA,144,11/16/2020,09/11/2020,Plano
09/04/2020,SeaWorld of Texas LLC dba SeaWorld San Antonio dba Aquatica San Antonio,Bexar,Alamo WDA,242,09/04/2020,09/04/2020,San Antonio
09/04/2020,Z Gallerie Store #17,Tarrant,Tarrant County WDA,5,09/15/2020,09/14/2020,Ft. Worth
09/02/2020,HPC Developer - Wild Oak Ranch Resort,Bexar,Alamo WDA,34,11/13/2020,09/04/2020,San Antonio
09/02/2020,HV Global Mgmt Corp. - Wild Oak Ranch Resort,Bexar,Alamo WDA,66,11/13/2020,09/04/2020,San Antonio
09/02/2020,HV Global Marketing Corp. - Wild Oak Ranch Resort,Bexar,Alamo WDA,1,11/13/2020,09/04/2020,San Antonio
09/01/2020,Live Nation-Austin,Travis,Capital Area WDA,43,05/01/2020,09/04/2020,Austin
09/01/2020,Live Nation-Pharr,Hidalgo,Lower Rio Grande Valley WDA,253,05/01/2020,09/04/2020,Pharr
09/01/2020,Live Nation-Dallas,Dallas,Dallas County WDA,77,04/01/2020,09/04/2020,Dallas
09/01/2020,Live Nation-W Loop St,Harris,Gulf Coast WDA,51,04/01/2020,09/04/2020,Houston
09/01/2020,Live Nation-Caroline St,Harris,Gulf Coast WDA,85,08/31/2020,09/04/2020,Houston
08/31/2020,Avis Budget Car Rental,Travis,Capital Area WDA,3,04/01/2020,09/01/2020,Austin
08/30/2020,Scoobeez - San Antonio,Bexar,Alamo WDA,63,11/01/2020,09/03/2020,San Antonio
08/28/2020,Equinor US,Travis,Capital Area WDA,228,11/01/2020,10/02/2020,Austin
08/28/2020,Scoobeez Inc-Farmers Branch,Dallas,Dallas County WDA,45,11/01/2020,09/03/2020,Farmers Branch
08/28/2020,"Scoobeez, Inc.-Ft. Worth",Tarrant,Tarrant County WDA,89,11/01/2020,09/03/2020,Ft. Worth
08/28/2020,"Scoobeez, Inc.-Garland",Dallas,Dallas County WDA,69,11/01/2020,09/03/2020,Garland
08/28/2020,"Scoobeez, Inc.-Austin",Travis,Capital Area WDA,71,11/01/2020,09/03/2020,Austin
08/28/2020,Avis Budget Car Rental-El Paso,El Paso,Borderplexjobs WDA,12,04/01/2020,09/01/2020,El Paso
08/28/2020,"CEC Entertainment, Inc.",Dallas,Dallas County WDA,95,09/30/2020,09/03/2020,Irving
08/27/2020,SW Hotels-Westin Galleria,Dallas,Dallas County WDA,89,10/30/2020,08/27/2020,Dallas
08/27/2020,GEO Secure Services - Eagle Pass,Maverick,Middle Rio Grande WDA,174,10/27/2020,09/01/2020,Eagle Pass
08/27/2020,JW Marriot Resort and SPA - San Antonio,Bexar,Alamo WDA,461,10/30/2020,08/28/2020,San Antonio
08/27/2020,Marriott Rivercenter Hotel,Bexar,Alamo WDA,237,10/30/2010,08/28/2020,San Antonio
08/27/2020,Marriott Riverwalk,Bexar,Alamo WDA,45,10/30/2020,08/28/2020,San Antonio
08/26/2020,Renaissance Dallas at Plano Legacy West Hotel,Collin,North Central Texas WDA,66,10/30/2020,08/26/2020,Plano
08/25/2020,Sheraton Gunter San Antonio,Bexar,Alamo WDA,38,10/23/2020,08/25/2020,San Antonio
08/20/2020,Hilton-Austin,Travis,Capital Area WDA,77,08/31/2020,08/25/2020,Austin
08/20/2020,"Exela Enterprise Solutions, LLC",Travis,Capital Area WDA,81,11/01/2020,08/21/2020,Austin
08/18/2020,"Smith Industries, LLC",Midland,Permian Basin WDA,72,08/31/2020,08/19/2020,Midland
08/13/2020,Rex Staffing LLC-Country Fresh Products,Harris,Gulf Coast WDA,310,10/11/2020,08/17/2020,Houston
08/13/2020,"IPIC Theaters, LLC",Travis,Capital Area WDA,37,08/13/2020,08/14/2020,Austin
08/12/2020,Yoga Works - Uptown,Fort Bend,Gulf Coast WDA,24,03/17/2020,08/12/2020,Houston
08/12/2020,HMS Host - San Antonio,Bexar,Alamo WDA,121,10/15/2020,08/12/2020,San Antonio
08/11/2020,"Seadrill Americas, Inc.",Harris,Gulf Coast WDA,168,10/01/2020,08/11/2020,Houston
08/05/2020,JC Penney - McAllen,Hidalgo,Lower Rio Grande Valley WDA,137,07/26/2020,08/06/2020,McAllen
08/05/2020,The Briar Club,Harris,Gulf Coast WDA,23,08/04/2020,08/05/2020,Houston
08/04/2020,"Expedia Group, Inc.",Dallas,Dallas County WDA,116,10/07/2020,08/04/2020,Dallas
07/31/2020,Hudson Group-Airport Mgt Services,Dallas,Dallas County WDA,81,07/31/2020,07/31/2020,Dallas
07/30/2020,Spirit,Dallas,Dallas County WDA,238,10/01/2020,07/30/2020,DFW Airport
07/30/2020,Wyndham - San Antonio,Bexar,Alamo WDA,139,07/03/2020,07/30/2020,San Antonio
07/29/2020,"Wyndham Revere, LLC",Dallas,Dallas County WDA,52,09/30/2020,07/30/2020,Dallas
07/28/2020,CWT,Bexar,Alamo WDA,102,04/01/2020,07/29/2020,San Antonio
07/27/2020,Wyndhgam Vacation Ownership,Travis,Capital Area WDA,81,04/03/2020,07/30/2020,Austin
07/27/2020,Brennan's of Houston,Harris,Gulf Coast WDA,90,07/27/2020,07/27/2020,Houston
07/23/2020,Hector Garza Center,Bexar,Alamo WDA,140,09/25/2020,07/23/2020,San Antonio
07/23/2020,Hilton - Plano,Collin,North Central Texas WDA,105,07/20/2020,07/23/2020,Plano
07/23/2020,Visionworks #86,Bexar,Alamo WDA,9,04/04/2020,07/07/2020,San Antonio
07/23/2020,Visionworks #32,Midland,Permian Basin WDA,3,04/04/2020,07/16/2020,Midland
07/21/2020,Printpack,Orange,South East Texas WDA,58,09/18/2020,07/21/2020,Orange
07/20/2020,Sodexo - San Antonio,Bexar,Alamo WDA,319,07/30/2020,07/22/2020,San Antonio
07/19/2020,BJ Services - San Antonio,Bexar,Alamo WDA,195,08/02/2020,07/20/2020,San Antonio
07/17/2020,JC Penney - Lewisville,Denton,North Central Texas WDA,87,09/23/2020,07/17/2020,Lewisville
07/17/2020,Jc Penney-Dallas,Dallas,Dallas County WDA,89,09/23/2020,07/17/2020,Dallas
07/17/2020,Hilton Anatole,Dallas,Dallas County WDA,620,07/17/2020,07/20/2020,Dallas
07/16/2020,Spirit AeroSystems Inc.,Bexar,Alamo WDA,72,08/17/2020,07/17/2020,San Antonio
07/16/2020,ASARCO- Amarillo Refinery,Potter,Panhandle WDA,213,09/15/2020,07/16/2020,Amarillo
07/16/2020,Visionworks #262,Williamson,Rural Capital WDA,8,04/04/2020,07/16/2020,Round Rock
07/16/2020,"Exterran Energy Solutions, LP - Houston",Harris,Gulf Coast WDA,174,09/17/2020,07/16/2020,Houston
07/16/2020,JC Penney - Plano,Collin,North Central Texas WDA,717,09/13/2020,07/16/2020,Plano
07/13/2020,Electro Rent,Denton,North Central Texas WDA,2,07/01/2020,07/20/2020,Roanoke
07/10/2020,Basic Energy Services-Denver City,Yoakum,Panhandle WDA,102,03/10/2020,07/16/2020,Denver City
07/10/2020,"Basic Energy Services - Big Spring, TX",Howard,Permian Basin WDA,114,03/27/2020,07/10/2020,Big Spring
07/10/2020,Transform SR LLC #45446,Dallas,Dallas County WDA,57,09/11/2020,07/20/2020,Dallas
07/09/2020,C. Baldwin Hotel - Curio Collection by Hilton,Fort Bend,Gulf Coast WDA,144,03/20/2020,07/09/2020,Houston
07/09/2020,Visionworks #120,Fort Bend,Gulf Coast WDA,2,04/04/2020,07/09/2020,Katy
07/09/2020,Pilot Thomas Logistics - Midland,Midland,Permian Basin WDA,56,03/20/2020,07/09/2020,Midland
07/09/2020,C. Baldwin Hotel - Curio Collection by Hilton,Fort Bend,Gulf Coast WDA,144,03/20/2020,07/09/2020,Houston
07/09/2020,Visionworks #120,Fort Bend,Gulf Coast WDA,2,04/04/2020,07/09/2020,Katy
07/09/2020,Pilot Thomas Logistics - Midland,Midland,Permian Basin WDA,56,03/20/2020,07/09/2020,Midland
07/08/2020,Dallas Fort Worth International,Dallas,Dallas County WDA,71,10/01/2020,07/09/2020,Dallas
07/08/2020,"Borusan Mannesmann Pipe U.S., Inc.",Harris,Gulf Coast WDA,114,07/01/2020,07/08/2020,Baytown
07/07/2020,Transocean Deepwater Inc.- Discover Inspiration,Fort Bend,Gulf Coast WDA,110,09/15/2020,07/07/2020,Houston
07/03/2020,"GSC Wholesale, LLC dba Grocers Supply",Harris,Gulf Coast WDA,90,09/04/2020,07/07/2020,Houston
07/02/2020,Brident-Westheimer Rd,Harris,Gulf Coast WDA,6,07/31/2020,07/02/2020,Houston
07/02/2020,Brident-Broadway,Harris,Gulf Coast WDA,4,07/31/2020,07/02/2020,Houston
07/02/2020,Brident-Long Point RD,Harris,Gulf Coast WDA,3,07/31/2020,07/02/2020,Houston
07/02/2020,Brident-Tidwell Rd,Harris,Gulf Coast WDA,3,07/31/2020,07/02/2020,Houston
07/02/2020,Brident-Edgebrook Dr,Harris,Gulf Coast WDA,2,07/31/2020,07/02/2020,Houston
07/02/2020,Brident-E. Fwy,Harris,Gulf Coast WDA,2,07/31/2020,07/02/2020,Houston
07/02/2020,Brident-W Camp Widsom,Dallas,Dallas County WDA,4,07/31/2020,07/02/2020,Dallas
07/02/2020,Brident-Crosstimbers,Harris,Gulf Coast WDA,2,07/31/2020,07/02/2020,Houston
07/02/2020,Brident-Greens Rd,Harris,Gulf Coast WDA,1,07/31/2020,07/02/2020,Houston
07/02/2020,Brident-Airline Dr.,Harris,Gulf Coast WDA,3,07/31/2020,07/02/2020,Houston
07/02/2020,Brident-Gulf Fwy,Harris,Gulf Coast WDA,5,07/31/2020,07/02/2020,Houston
07/02/2020,Brident-SW Military,Bexar,Alamo WDA,5,07/31/2020,07/02/2020,San Antonio
07/02/2020,Brident-W. Bellfort Ave,Harris,Gulf Coast WDA,5,07/31/2020,07/02/2020,Houston
07/02/2020,Brident-8706 Fredericksburg,Bexar,Alamo WDA,1,07/31/2020,07/02/2020,San Antonio
07/02/2020,Brident-W Commerce,Bexar,Alamo WDA,3,07/31/2020,07/02/2020,San Antonio
07/02/2020,Brident-3655 Fredericksburg,Bexar,Alamo WDA,1,07/31/2020,07/02/2020,San Antonio
07/02/2020,Brident-2000 SE. Loop,Bexar,Alamo WDA,1,07/31/2020,07/02/2020,San Antonio
07/02/2020,Brident-Bellaire bBlvd,Harris,Gulf Coast WDA,5,07/31/2020,07/02/2020,Houston
07/01/2020,Electro Rent,Denton,North Central Texas WDA,3,07/01/2020,07/01/2020,Roanoke
06/30/2020,The Lycra Co.,Harris,Gulf Coast WDA,79,08/31/2020,06/30/2020,La Porte
06/30/2020,PCC Wyman Gordon,Harris,Gulf Coast WDA,10,07/02/2020,06/30/2020,Houston
06/29/2020,Hard Rock Café-San Antonio,Bexar,Alamo WDA,138,04/13/2020,06/29/2020,San Antonio
06/26/2020,Spire Hospitality-Embassy Suites,Webb,South Texas WDA,58,07/01/2020,06/29/2020,Laredo
06/25/2020,PV Fluid Products Inc.,Harris,Gulf Coast WDA,113,06/08/2020,06/29/2020,Houston
06/25/2020,Kimpton Hotel,Travis,Capital Area WDA,180,06/30/2020,06/30/2020,Austin
06/22/2020,Van Vleck Paint Shop,Matagorda,Gulf Coast WDA,10,08/21/2020,06/23/2020,Bay City
06/22/2020,Clute Fabrication Shop,Brazoria,Gulf Coast WDA,46,08/21/2020,06/23/2020,Clute
06/22/2020,Bradshaw State Jail,Rusk,East Texas WDA,229,07/03/2020,06/22/2020,Henderson
06/17/2020,Pounds Photo Lab,Dallas,Dallas County WDA,61,07/01/2020,06/18/2020,Dallas
06/15/2020,Adeputs Health dba FCER Management LLC,Dallas,Dallas County WDA,96,08/15/2020,06/18/2020,Irving
06/15/2020,Hyatt Regency DFW,Tarrant,Tarrant County WDA,210,03/22/2020,06/15/2020,DFW Airport
06/12/2020,Hyatt Corp dba Miraval Austin Wellness Resort & Spa,Travis,Capital Area WDA,137,03/22/2020,06/12/2020,Austin
06/12/2020,Hyatt Regency - Austin,Travis,Capital Area WDA,224,03/15/2020,06/12/2020,Austin
06/11/2020,Grand Hyatt San Antonio,Bexar,Alamo WDA,271,03/22/2020,06/12/2020,San Antonio
06/11/2020,Owens-Corning - Amarillo,Randall,Panhandle WDA,205,08/05/2020,06/11/2020,Amarillo
06/11/2020,Hotel Contessa,Bexar,Alamo WDA,84,06/13/2020,06/11/2020,San Antonio
06/08/2020,Hyatt Regency - Houston,Fort Bend,Gulf Coast WDA,260,03/22/2020,06/09/2020,Houston
06/08/2020,Ritz Carlton - Dallas,Dallas,Dallas County WDA,365,03/14/2020,06/08/2020,Dallas
06/05/2020,"Seadrill Americas, Inc.",Harris,Gulf Coast WDA,135,06/16/2020,06/08/2020,Houston
06/04/2020,Gaylord - Grapevine,Tarrant,Tarrant County WDA,1426,03/16/2020,06/05/2020,Grapevine
06/01/2020,Sound Inpatient Physicians Inc.,Tarrant,Tarrant County WDA,33,06/01/2020,06/03/2020,Westlake
06/01/2020,Echo Locum Tenens Inc.,Tarrant,Tarrant County WDA,13,06/01/2020,06/03/2020,Westlake
06/01/2020,"GE Engine Services, L.P.",Hidalgo,Lower Rio Grande Valley WDA,257,06/12/2020,06/01/2020,McAllen
06/01/2020,Turner Industries-Corpus Christi,Nueces,Coastal Bend WDA,40,06/25/2020,06/03/2020,Corpus Ch
06/01/2020,St. Regis Houston,Fort Bend,Gulf Coast WDA,180,03/21/2020,06/03/2020,Houston
05/31/2020,Jim's Formal Wear,Guadalupe,Alamo WDA,44,03/20/2020,04/15/2020,Seguin
05/29/2020,Renaissance Hotel,Travis,Capital Area WDA,243,03/21/2020,05/29/2020,Austin
05/29/2020,Collins Aerospace,Harris,Gulf Coast WDA,144,07/31/2020,05/28/2020,Houston
05/29/2020,Allied Aviation-Southlake,Tarrant,Tarrant County WDA,50,04/20/2020,05/29/2020,Southlake
05/29/2020,85C Bakery-Katy,Harris,Gulf Coast WDA,1,06/12/2020,05/29/2020,Katy
05/29/2020,Live by Loews,Tarrant,Tarrant County WDA,153,05/27/2020,05/29/2020,Arlington
05/29/2020,Holiday Inn Club Vacations-Pantego,Tarrant,Tarrant County WDA,307,05/21/2020,05/29/2020,Pantego
05/29/2020,85 C Bakery Café,Harris,Gulf Coast WDA,9,06/12/2020,05/29/2020,Friendswood
05/28/2020,Benchmark Electronics,Brazoria,Gulf Coast WDA,190,01/01/2021,05/29/2020,Angleton
05/27/2020,ECFMG-Clinical Skills Exam,Harris,Gulf Coast WDA,103,06/12/2020,05/29/2020,Houston
05/26/2020,First Texas Hospital Cy-Fair,Harris,Gulf Coast WDA,62,07/26/2020,05/29/2020,Houston
05/22/2020,Sheraton Austin,Travis,Capital Area WDA,99,05/21/2020,05/27/2020,Austin
05/22/2020,ProPetro-Coil Tubing Operations,Midland,Permian Basin WDA,32,05/27/2020,05/29/2020,Midland
05/22/2020,"Laz Parking Texas, LLC",Dallas,Dallas County WDA,310,03/08/2020,05/29/2020,Dallas
05/22/2020,The Moran at City Center,Harris,Gulf Coast WDA,47,05/22/2020,05/29/2020,Houston
05/21/2020,"Texas Steel Conversion, Inc.",Harris,Gulf Coast WDA,491,06/15/2020,05/29/2020,Houston
05/21/2020,Marriott City Place-Spicewood Village,Harris,Gulf Coast WDA,33,03/27/2020,05/29/2020,Spring
05/18/2020,XPO Logistics-Jacomson Warehouse,Dallas,Dallas County WDA,243,07/17/2020,05/20/2020,Dallas
05/14/2020,Cactus Wellhead,Ector,Permian Basin WDA,14,05/14/2020,05/14/2020,Odessa
05/14/2020,Allied Aviation-Houston,Harris,Gulf Coast WDA,77,04/20/2020,05/14/2020,Houston
05/14/2020,St Edwards University,Travis,Capital Area WDA,95,05/31/2020,05/18/2020,Austin
05/12/2020,Hydraulic Fracturing Facility,Midland,Permian Basin WDA,392,05/12/2020,05/12/2020,Midland
05/12/2020,James Avery -Fredericksburg,Gillespie,Alamo WDA,82,07/12/2020,05/12/2020,Fredericksburg
05/11/2020,"UTLX Manufacturing, Inc.",Harris,Gulf Coast WDA,278,07/10/2020,05/12/2020,Houston
05/07/2020,Saulsbury Industries-Odessa,Ector,Permian Basin WDA,3,05/22/2020,05/13/2020,Odessa
05/07/2020,"Saulsbury Industries, Inc.",Ector,Permian Basin WDA,12,05/11/2012,05/13/2020,Odessa
05/07/2020,Saulsbury Industries-Henderson,Rusk,East Texas WDA,58,05/21/2020,05/13/2020,Henderson
05/05/2020,Southwestern & Pacific #6972,Harris,Gulf Coast WDA,1,04/21/2020,05/05/2020,Spring
05/04/2020,Haliburton Energy Services-N. Sam Houston,Harris,Gulf Coast WDA,984,05/04/2020,05/05/2020,Houston
05/04/2020,Outback #4424,Jefferson,South East Texas WDA,65,03/15/2020,05/04/2020,Beaumont
05/04/2020,Covia-Crane,Crane,Permian Basin WDA,23,05/04/2020,05/04/2020,Crane
05/04/2020,Covia Corp-Kermit,Winkler,Permian Basin WDA,83,05/04/2020,05/04/2020,Kermit
05/01/2020,Cactus Wellhead,Ector,Permian Basin WDA,32,05/01/2020,05/04/2020,Odessa
05/01/2020,US Steel Tubular Products - Hughes Springs,Cass,North East Texas WDA,55,05/10/2020,05/05/2020,Hughes Springs
04/30/2020,Havertys Furniture-Coppell,Dallas,Dallas County WDA,57,04/30/2020,05/04/2020,Coppell
04/30/2020,Carpenter Tech-Amega West,Harris,Gulf Coast WDA,79,06/29/2020,05/04/2020,Houston
04/29/2020,Halliburton,Gregg,East Texas WDA,233,04/29/2020,04/29/2020,Kilgore
04/29/2020,Regal Cinema-Richmond,Fort Bend,Gulf Coast WDA,91,03/17/2020,05/04/2020,Richmond
04/29/2020,TechnipFMC CO. - Odessa,Ector,Permian Basin WDA,140,04/15/2020,05/01/2020,Odessa
04/29/2020,Regal Cinema-Tomball,Harris,Borderplexjobs WDA,88,03/17/2020,05/04/2020,Tomball
04/29/2020,Regal Cinema-Katy Frwy,Harris,Gulf Coast WDA,86,03/17/2020,05/04/2020,Houston
04/29/2020,Regal Cinema-Houston,Harris,Gulf Coast WDA,82,03/17/2020,05/04/2020,Houston
04/28/2020,Halliburton-Interwood,Harris,Gulf Coast WDA,9,04/28/2020,04/30/2020,Houston
04/28/2020,Southwestern & Pacific #2969,Polk,Deep East Texas WDA,1,04/21/2020,05/05/2020,Livingston
04/28/2020,Southwestern & Pacific #6772,Cameron,Cameron County WDA,1,04/21/2020,05/05/2020,Harlingen
04/28/2020,Easy Gardener Products Inc.,McLennan,Heart of Texas WDA,50,06/30/2020,04/29/2020,Waco
04/28/2020,SW & Pacific # 6741,Bexar,Alamo WDA,1,04/21/2020,05/04/2020,San Antonio
04/28/2020,"Jet Specialty, Inc.",Nueces,Coastal Bend WDA,75,07/02/2020,04/29/2020,Corpus Ch
04/28/2020,Haliburton Energy-Interwood Pkwy,Harris,Gulf Coast WDA,9,04/28/2020,05/01/2020,Houston
04/28/2020,Hailburton Energy-Heathrow Forest,Harris,Gulf Coast WDA,8,04/28/2020,05/01/2020,Houston
04/28/2020,"IPC Industries, LP",Galveston,Gulf Coast WDA,109,03/19/2020,05/01/2020,Santa Fe
04/28/2020,Southwestern & Pacific #6925,Hill,Heart of Texas WDA,1,04/21/2020,05/07/2020,Hillsboro
04/28/2020,Enterprise Holdings-Airport,Bexar,Alamo WDA,135,04/30/2020,05/04/2020,San Antonio
04/28/2020,Enterprise Holdings-Eastern St,Bexar,Alamo WDA,146,04/30/2020,05/04/2020,San Antonio
04/28/2020,"Enterprise Holdings, LLC",Bexar,Alamo WDA,30,04/30/2020,05/04/2020,San Antonio
04/28/2020,Outback Steakhouse #4470,El Paso,Borderplexjobs WDA,59,04/27/2020,04/29/2020,El Paso
04/28/2020,Southwestern & Pacific #3014,Fort Bend,Gulf Coast WDA,1,04/21/2020,05/05/2020,Houston
04/28/2020,Southwestern & Pacific #6749,Bexar,Alamo WDA,1,04/21/2020,05/04/2020,San Antonio
04/28/2020,Southwestern & Pacific #6812,Fort Bend,Gulf Coast WDA,1,04/21/2020,05/05/2020,Houston
04/28/2020,Southwestern & Pacific #6800,Harris,Gulf Coast WDA,1,04/21/2020,05/05/2020,Humble
04/28/2020,Southwestern & Pacific #6787,Harris,Gulf Coast WDA,1,04/21/2020,05/05/2020,Pasadena
04/28/2020,Southwestern & Pacific #6786,Fort Bend,Gulf Coast WDA,1,04/21/2020,05/05/2020,Houston
04/28/2020,Southwestern & Pacific #6851,Victoria,Golden Crescent WDA,1,04/21/2020,05/05/2020,Victoria
04/28/2020,Southwestern & Pacific #6915,Harrison,East Texas WDA,1,04/21/2020,05/05/2020,Marshall
04/28/2020,Southwestern & Pacific #6884,Henderson,East Texas WDA,1,04/21/2020,05/05/2020,Gun Barrel City
04/28/2020,Southwestern & Pacific #6757,Henderson,East Texas WDA,1,04/21/2020,05/05/2020,Athens
04/28/2020,Southwestern & Pacific #6969,Gregg,East Texas WDA,1,04/21/2020,05/05/2020,Longview
04/28/2020,Southwestern & Pacific #6886,Dallas,Dallas County WDA,1,04/21/2020,05/05/2020,Dallas
04/28/2020,Southwestern & Pacific   #6825,Walker,Gulf Coast WDA,1,04/21/2020,05/05/2020,Huntsville
04/28/2020,Southwestern & Pacific #6979,Brazoria,Gulf Coast WDA,1,04/21/2020,05/05/2020,Lake Jackson
04/28/2020,Southwestern & Pacific #6836,Cameron,Cameron County WDA,1,04/21/2020,05/05/2020,San Benito
04/28/2020,Southwestern & Pacific #6883,Kerr,Alamo WDA,1,04/21/2020,05/04/2020,Kerrville
04/28/2020,Southwestern & Pacific #6829,Dallas,Dallas County WDA,1,04/21/2020,05/05/2020,Garland
04/28/2020,Southwestern & Pacific #6839,Comal,Alamo WDA,1,04/21/2020,05/04/2020,New Braunfels
04/28/2020,Southwestern & Pacific #6810,Cameron,Cameron County WDA,1,04/21/2020,05/05/2020,Brownsville
04/28/2020,Southwestern & Pacific #2995,Cameron,Cameron County WDA,1,04/21/2020,05/05/2020,Brownsville
04/28/2020,Southwestern & Pacific #6926,Brazos,Brazos Valley WDA,1,04/21/2020,05/05/2020,Bryan
04/28/2020,Southwestern & Pacific #6815,Dallas,Dallas County WDA,1,04/21/2020,05/05/2020,Lancaster
04/28/2020,Southwestern & Pacific #6761,Nueces,Coastal Bend WDA,1,04/21/2020,05/05/2020,Corpus Christi
04/28/2020,Southwestern & Pacific #6818,Jim Wells,Coastal Bend WDA,1,04/21/2020,05/05/2020,Alice
04/28/2020,Southwestern & Pacific #6765,Dallas,Dallas County WDA,1,04/21/2020,05/05/2020,Grand Prairie
04/28/2020,Southwestern & Pacific #6745,Limestone,Heart of Texas WDA,1,04/21/2020,05/07/2020,Mexia
04/28/2020,Southwestern & Pacific #6981,Tom Green,Concho Valley WDA,1,04/21/2020,05/05/2020,San Angelo
04/27/2020,Carrabba's #9416,Fort Bend,Gulf Coast WDA,76,03/15/2020,05/04/2020,Houston
04/27/2020,Carrabba's #9415,Fort Bend,Gulf Coast WDA,66,03/15/2020,05/04/2020,Houston
04/27/2020,Carrabba's #4407,Harris,Gulf Coast WDA,75,03/15/2020,05/04/2020,Webster
04/27/2020,Carrabba's #4406,Montgomery,Gulf Coast WDA,74,03/15/2020,05/04/2020,The Woodlands
04/27/2020,Outback #4420,Fort Bend,Gulf Coast WDA,70,03/15/2020,05/04/2020,Stafford
04/27/2020,Carrabba's #4401,Fort Bend,Gulf Coast WDA,63,03/15/2020,05/04/2020,Houston
04/27/2020,Outback #4460,Smith,East Texas WDA,74,03/15/2020,05/04/2020,Tyler
04/27/2020,Outback #4434,Montgomery,Gulf Coast WDA,56,03/15/2020,05/04/2020,Shenandoah
04/27/2020,Carrabba's #4404,Fort Bend,Gulf Coast WDA,69,03/15/2020,05/04/2020,Sugar Land
04/27/2020,Carrabba's #4402,Fort Bend,Gulf Coast WDA,62,03/15/2020,05/04/2020,Houston
04/27/2020,Carrabba's #9421,Fort Bend,Gulf Coast WDA,86,03/15/2020,05/04/2020,Katy
04/27/2020,Fleming's #5403,Fort Bend,Gulf Coast WDA,42,,05/04/2020,Houston
04/27/2020,Fleming's #5404,Montgomery,Gulf Coast WDA,49,03/15/2020,05/04/2020,The Woodlands
04/27/2020,Outback #4413,Fort Bend,Gulf Coast WDA,77,03/15/2020,05/04/2020,Houston
04/27/2020,Outback #4430,Harris,Gulf Coast WDA,62,03/15/2020,05/04/2020,Baytown
04/27/2020,Outback #4435,Fort Bend,Gulf Coast WDA,70,03/15/2020,05/04/2020,Houston
04/27/2020,Outback #4410,Harris,Gulf Coast WDA,61,03/15/2020,05/04/2020,Humble
04/27/2020,Outback #4412,Harris,Gulf Coast WDA,64,03/15/2020,05/04/2020,Webster
04/27/2020,Outback #4467,Gregg,East Texas WDA,67,03/15/2020,05/04/2020,Longview
04/27/2020,Outback #4418,Brazos,Brazos Valley WDA,61,03/15/2020,05/01/2020,College Station
04/27/2020,Outback #4414,Montgomery,Gulf Coast WDA,57,03/15/2020,05/04/2020,Conroe
04/27/2020,Fleming's #5407,Fort Bend,Gulf Coast WDA,53,03/15/2020,05/04/2020,Houston
04/27/2020,Outback #4469,Bell,Central Texas WDA,73,03/15/2020,05/04/2020,Killeen
04/27/2020,Cardone Industries-Robstown,Cameron,Cameron County WDA,183,04/27/2020,04/27/2020,Brownsville
04/27/2020,Cameron International-Corpus Christi,Nueces,Coastal Bend WDA,6,04/22/2020,04/29/2020,Corpus Ch
04/27/2020,Cameron International-Kennedy,Austin,Alamo WDA,45,05/22/2020,04/29/2020,Kenney
04/27/2020,Outback #4416,Fort Bend,Gulf Coast WDA,79,03/15/2020,05/04/2020,Katy
04/27/2020,Carrabba's #4405,Bexar,Alamo WDA,79,03/15/2020,05/01/2020,San Antonio
04/27/2020,Outback #4423,Bexar,Alamo WDA,61,03/15/2020,05/01/2020,San Antonio
04/27/2020,Outback #4426,Bexar,Alamo WDA,65,03/15/2020,05/01/2020,San Antonio
04/27/2020,Outback #4442,Bexar,Alamo WDA,76,03/15/2020,05/01/2020,Selma
04/27/2020,"Total Airport Services, LLC",Harris,Gulf Coast WDA,68,04/24/2020,05/01/2020,Houston
04/27/2020,Fleming's #5402,Travis,Capital Area WDA,37,03/15/2020,05/01/2020,Austin
04/27/2020,Outback #4425,Nueces,Coastal Bend WDA,59,03/15/2020,05/04/2020,Corpus Christi
04/27/2020,Outback #4422,Travis,Capital Area WDA,56,03/15/2020,05/01/2020,Austin
04/27/2020,Outback #4433,Angelina,Deep East Texas WDA,55,03/15/2020,05/04/2020,Lufkin
04/27/2020,Fleming's #5405,Bexar,Alamo WDA,54,03/15/2020,05/01/2020,San Antonio
04/27/2020,Outback #4473,Tom Green,Concho Valley WDA,72,03/15/2020,05/04/2020,San Angelo
04/27/2020,Carrabba's #9412,Dallas,Dallas County WDA,52,03/15/2020,05/04/2020,Dallas
04/27/2020,Outback #4453,Dallas,Dallas County WDA,56,03/15/2020,05/04/2020,Irving
04/27/2020,Outback #4428,Harris,Gulf Coast WDA,64,03/15/2020,05/04/2020,Pasadena
04/27/2020,Carrabba's #4403,Travis,Capital Area WDA,53,03/15/2020,05/01/2020,Austin
04/27/2020,Outback #4454,Dallas,Dallas County WDA,57,03/15/2020,05/04/2020,Mesquite
04/27/2020,Outback #4456,Dallas,Dallas County WDA,60,03/15/2020,05/04/2020,Dallas
04/27/2020,Outback #4458,Dallas,Dallas County WDA,63,03/15/2020,05/04/2020,Addison
04/27/2020,Outback #4476,Dallas,Dallas County WDA,64,03/15/2020,05/04/2020,Garland
04/27/2020,Fleming's #5406,Travis,Capital Area WDA,59,03/15/2020,05/01/2020,Austin
04/27/2020,Outback #4464,Lubbock,South Plains WDA,67,03/15/2020,05/04/2020,Lubbock
04/27/2020,Outback #4457,Collin,North Central Texas WDA,60,03/15/2020,05/04/2020,Plano
04/27/2020,Outback #4461,Denton,North Central Texas WDA,56,03/15/2020,05/04/2020,Lewisville
04/27/2020,Outback #4466,Denton,North Central Texas WDA,74,03/15/2020,05/04/2020,Denton
04/27/2020,Outback #4477,Collin,North Central Texas WDA,82,03/15/2020,05/04/2020,Frisco
04/27/2020,Outback #4478,Johnson,North Central Texas WDA,69,03/15/2020,05/04/2020,Burleson
04/27/2020,Outback #4471,Bowie,North East Texas WDA,56,03/15/2020,05/04/2020,Texarkana
04/27/2020,Outback #4463,Potter,Panhandle WDA,76,03/15/2020,05/04/2020,Amarillo
04/27/2020,Outback #4429,Hays,Rural Capital WDA,72,03/15/2020,05/04/2020,San Marcos
04/27/2020,Fleming's #5408,Collin,North Central Texas WDA,57,03/15/2020,05/04/2020,Plano
04/27/2020,Outback #4441,Williamson,Rural Capital WDA,44,03/15/2020,05/04/2020,Round Rock
04/27/2020,Outback #4462,Midland,Permian Basin WDA,75,03/15/2020,05/04/2020,Midland
04/27/2020,Outback #4475,Dallas,Borderplexjobs WDA,63,03/15/2020,05/04/2020,DeSoto
04/27/2020,Carrabba's #9410,Jefferson,South East Texas WDA,79,03/15/2020,05/04/2020,Beaumont
04/27/2020,Outback #4451,Tarrant,Tarrant County WDA,67,03/15/2020,05/04/2020,Fort Worth
04/27/2020,Outback #4452,Tarrant,Tarrant County WDA,79,03/15/2020,05/04/2020,Hurst
04/27/2020,Outback #4459,Tarrant,Tarrant County WDA,76,03/15/2020,05/04/2020,Arlington
04/27/2020,Outback #4474,Jones,West Central WDA,51,03/15/2020,05/04/2020,Abilene
04/27/2020,Outback #4455,Tarrant,Tarrant County WDA,75,03/15/2020,05/04/2020,Euless
04/27/2020,Carrabba's #9419,Tarrant,Tarrant County WDA,49,03/15/2020,05/04/2020,Hurst
04/27/2020,Bonefish #904,Denton,Tarrant County WDA,40,03/15/2020,05/04/2020,Southlake
04/27/2020,Carrabba's #9414,Collin,North Central Texas WDA,43,03/15/2020,05/04/2020,Plano
04/27/2020,Bonefish #912,Collin,North Central Texas WDA,50,03/15/2020,05/04/2020,Allen
04/27/2020,Core Laboratories-Owen Oil Tools,Johnson,North Central Texas WDA,244,05/06/2020,05/04/2020,Godley
04/27/2020,Outback #4468,McLennan,Heart of Texas WDA,62,03/15/2020,05/04/2020,Waco
04/25/2020,CP Energy-N. Big Spring,Midland,Permian Basin WDA,2,05/03/2020,04/28/2020,Midland
04/24/2020,North American Dental Group - Flower Mound,Denton,North Central Texas WDA,12,03/23/2020,04/24/2020,Flower Mound
04/24/2020,Liberty Oilfield,Guadalupe,Alamo WDA,89,04/27/2020,04/29/2020,Cibolo
04/23/2020,Haliburton Energy-Burleson,Tarrant,Tarrant County WDA,36,04/23/2020,04/24/2020,Burleson
04/23/2020,Go Rentals,Fort Bend,Gulf Coast WDA,4,03/21/2020,04/23/2020,Houston
04/23/2020,Signal Peak Silica -Poteet,Atascosa,Alamo WDA,72,06/12/2020,04/24/2020,Poteet
04/23/2020,Go Rentals - Austin,Travis,Capital Area WDA,7,03/21/2020,04/23/2020,Austin
04/23/2020,Go Rentals - Atlantic,Collin,Dallas County WDA,1,03/21/2020,04/23/2020,Addison
04/23/2020,CP Energy-S County Rd 1200,Midland,Permian Basin WDA,15,05/03/2020,04/28/2020,Midland
04/23/2020,CP Energy-Hwy 285,Midland,Permian Basin WDA,9,05/03/2020,04/28/2020,Midland
04/23/2020,Go Rentals - Monroe Rd,Fort Bend,Gulf Coast WDA,1,03/21/2020,04/23/2020,Houston
04/23/2020,Go Rentals - Westgrove,Collin,Dallas County WDA,4,03/21/2020,04/23/2020,Addison
04/23/2020,Nextier Completion-Robston,Nueces,Coastal Bend WDA,82,04/23/2020,04/27/2020,Robstown
04/23/2020,Go Rentals - McKinney,Collin,North Central Texas WDA,1,03/21/2020,04/23/2020,McKinney
04/23/2020,Go Rentals - Ft. Worth,Tarrant,Tarrant County WDA,4,03/21/2020,04/23/2020,Ft. Worth
04/22/2020,"Magic Leap, LLc",Collin,Gulf Coast WDA,8,06/21/2020,04/29/2020,McKinney
04/22/2020,ATCO Structures,Angelina,Deep East Texas WDA,90,03/13/2020,04/28/2020,Diboll
04/22/2020,Pappas Seafood House (Aldine Bender),Harris,Gulf Coast WDA,113,03/22/2020,04/22/2020,Houston
04/22/2020,"Magic Leap, LLC-Austin",Travis,Capital Area WDA,15,06/21/2020,04/29/2020,Austin
04/22/2020,Cactus Wellhead,Ector,Permian Basin WDA,184,04/03/2020,04/28/2020,Odessa
04/21/2020,Southwestern & Pacific #6736,Bexar,Alamo WDA,1,04/21/2020,05/04/2020,San Antonio
04/21/2020,Epi Breads,Dallas,Dallas County WDA,238,04/21/2020,04/24/2020,Dallas
04/21/2020,"Energy Transfer, LP-SEC Energy Products",Harris,Gulf Coast WDA,95,05/01/2020,04/21/2020,Houston
04/21/2020,Enterprise Offshore-White Fleet Drilling,Harris,Gulf Coast WDA,76,03/19/2020,04/21/2020,Houston
04/20/2020,Hilton Garden Inn-Willowbrook,Harris,Gulf Coast WDA,44,04/16/2020,04/20/2020,Houston
04/20/2020,Haliburton Energy Services-Monahans,Ward,Permian Basin WDA,15,04/20/2020,04/22/2020,Monahans
04/20/2020,"Applied Aerodynamics, Inc.",Dallas,Dallas County WDA,25,04/20/2020,04/28/2020,Dallas
04/20/2020,US Silica-Lamesa,Dawson,Permian Basin WDA,49,04/17/2020,05/01/2020,Lamesa
04/17/2020,ProPetro-Coil Tubing Operations,Midland,Permian Basin WDA,18,04/16/2020,04/21/2020,Midland
04/17/2020,Capital Sand Permian,Ward,Permian Basin WDA,36,04/20/2020,04/30/2020,Monahans
04/17/2020,National Oilwell - Pampa,Gray,Panhandle WDA,91,04/17/2020,04/27/2020,Pampa
04/16/2020,Pappas Bar-B-Q 11,Montgomery,Gulf Coast WDA,29,03/16/2020,04/16/2020,Conroe
04/16/2020,Discovery Natural Resources,Irion,Concho Valley WDA,36,04/16/2020,04/30/2020,Barnhart
04/16/2020,Vroom-Meadows Place,Fort Bend,Gulf Coast WDA,136,05/03/2020,04/27/2020,Sugar Land
04/16/2020,Discovery Natual Resources- Ozona,Crockett,Concho Valley WDA,4,04/16/2020,04/30/2020,Ozona
04/16/2020,ProPetro-Hydraulic Fracturing,Matagorda,Permian Basin WDA,566,04/16/2020,04/21/2020,Midfield
04/16/2020,"Black Mountain Management, LLC",Tarrant,Middle Rio Grande WDA,87,05/01/2020,04/21/2020,Ft. Worth
04/16/2020,Electro Rent,Denton,North Central Texas WDA,7,04/16/2020,04/28/2020,Roanoke
04/15/2020,Chalk Montain Services of Texas LLC - Pleasanton,Atascosa,Alamo WDA,14,04/15/2020,05/01/2020,Pleasanton
04/15/2020,CalFrac Well Services,Bexar,Alamo WDA,134,04/15/2020,04/24/2020,San Antonio
04/15/2020,Ahern Rentals,Ector,Permian Basin WDA,3,03/30/2020,04/16/2020,Odessa
04/15/2020,Baker Hughes-Houston,Harris,Gulf Coast WDA,184,06/15/2020,04/22/2020,Houston
04/15/2020,Shawcor Pipe Protection,Brazoria,Gulf Coast WDA,65,05/04/2020,04/21/2020,Pearland
04/15/2020,Diamond Offshore Drilling Corporate,Harris,Gulf Coast WDA,102,04/15/2020,04/15/2020,Houston
04/14/2020,NexTier Completion Solutions Inc. - Onyx Dr,Midland,Permian Basin WDA,60,03/19/2020,04/22/2020,Midland
04/14/2020,NexTier Completion Solutions Inc. - FM 1788,Midland,Permian Basin WDA,133,01/17/2020,04/22/2020,Midland
04/14/2020,NexTier Completion Solutions Inc. - E IH 20,Midland,Permian Basin WDA,58,03/19/2020,04/22/2020,Midland
04/14/2020,NexTier Completion Solutions Inc. - Pecos,Reeves,Permian Basin WDA,49,03/20/2020,04/22/2020,Pecos
04/14/2020,NexTier Completion Solutions Inc. - Odessa,Ector,Permian Basin WDA,197,02/10/2020,04/22/2020,Odessa
04/14/2020,Paul Martin's American Grill,Travis,Capital Area WDA,81,04/07/2020,04/22/2020,Austin
04/14/2020,NexTier Completion Solutions Inc. - Westpark Dr.,Fort Bend,Gulf Coast WDA,85,03/19/2020,04/22/2020,Houston
04/14/2020,NexTier Completion Solutions Inc.- Rogerdale,Fort Bend,Gulf Coast WDA,196,01/07/2020,04/22/2020,Houston
04/14/2020,Titan Production Equipment-Alleyton,Colorado,Gulf Coast WDA,56,04/10/2020,04/29/2020,Alleyton
04/14/2020,"Titan Production Equipment, LLC",Montgomery,Gulf Coast WDA,10,04/10/2020,04/29/2020,Woodlands
04/14/2020,NexTier Completion Solutions Inc.,Atascosa,Alamo WDA,64,03/24/2020,04/22/2020,Pleasanton
04/14/2020,Pappasito's 04,Harris,Gulf Coast WDA,142,03/16/2020,04/14/2020,Webster
04/14/2020,FTS International Services-Longview,Gregg,East Texas WDA,58,04/14/2020,04/21/2020,Longview
04/14/2020,"Sun Coast Resources, Inc.",Midland,Permian Basin WDA,50,04/10/2020,04/15/2020,Midland
04/14/2020,Vroom-Houston,Harris,Permian Basin WDA,36,05/03/2020,04/27/2020,Houston
04/14/2020,Vroom-Stafford,Harris,Gulf Coast WDA,59,05/03/2020,04/27/2020,Stafford
04/14/2020,Pier 1 Imports - Tarrant,Tarrant,Tarrant County WDA,585,06/01/2020,04/21/2020,Ft. Worth
04/14/2020,Pier 1 Imports-Mansfield,Tarrant,Tarrant County WDA,67,06/01/2020,04/21/2020,Mansfield
04/14/2020,Signal Peak Silica,Ward,Permian Basin WDA,37,04/14/2020,04/24/2020,Monahans
04/13/2020,Signing Day One-D1 Training,Kendall,Alamo WDA,3,04/09/2020,05/01/2020,Boerne
04/13/2020,At Home Corporate,Collin,North Central Texas WDA,147,04/11/2020,04/24/2020,Plano
04/13/2020,Take 5 Department 199,Bexar,Alamo WDA,7,03/22/2020,04/13/2020,San Antonio
04/13/2020,US Silica-Sandbox Logistics,Midland,Permian Basin WDA,105,04/16/2020,04/22/2020,Midland
04/13/2020,Take 5 Department 179,Bexar,Alamo WDA,11,03/22/2020,04/13/2020,San Antonio
04/13/2020,Beyond Finance,Harris,Gulf Coast WDA,302,04/19/2020,04/21/2020,Houston
04/13/2020,America's Auto Auction Texas,Hays,Rural Capital WDA,1,03/17/2020,04/13/2020,Buda
04/13/2020,Guess?,Webb,South Texas WDA,30,04/02/2020,04/15/2020,Laredo
04/13/2020,Covia-Kermit,Winkler,Permian Basin WDA,82,04/13/2020,04/21/2020,Kermit
04/13/2020,Dog and Pony Grill,Kendall,Alamo WDA,29,04/09/2020,05/01/2020,Boerne
04/13/2020,Alamo Drafthouse-Corpus Christi,Nueces,Coastal Bend WDA,128,03/17/2020,05/01/2020,Corpus Ch
04/13/2020,Alamo Drafthouse-Laredo,Webb,South Texas WDA,112,03/17/2020,05/01/2020,Laredo
04/13/2020,Allied Aviation Fueling Co,Bexar,Alamo WDA,6,05/13/2020,05/04/2020,San Antonio
04/13/2020,Yazaki North America,El Paso,Borderplexjobs WDA,83,04/13/2020,04/13/2020,El Paso
04/13/2020,MCD Innovations,Collin,North Central Texas WDA,25,03/26/2020,04/22/2020,McKinney
04/13/2020,Pappadeaux Seafood Kitchen 33,Harris,Gulf Coast WDA,120,03/16/2020,04/13/2020,Houston
04/10/2020,Willie's Grill & Icehouse - I35 South,Bexar,Alamo WDA,40,03/17/2020,04/21/2020,San Antonio
04/10/2020,Willie's Grill & Icehouse -  College Station,Brazos,Brazos Valley WDA,28,03/17/2020,04/21/2020,College Station
04/10/2020,Willie's Grill & Icehouse - Conroe,Montgomery,Gulf Coast WDA,51,03/17/2020,04/21/2020,Conroe
04/10/2020,Willie's Grill & Icehouse.,Bexar,Alamo WDA,45,03/17/2020,04/21/2020,San Antonio
04/10/2020,Willie's Grill & Icehouse - Spring,Harris,Gulf Coast WDA,41,03/14/2020,04/21/2020,Spring
04/10/2020,Willie's Grill & Icehouse - Leon Springs,Bexar,Alamo WDA,38,03/17/2020,04/21/2020,Leon Springs
04/10/2020,Willie's Grill & Icehouse - New Braunfels,Comal,Alamo WDA,45,03/17/2020,04/21/2020,New Braunfels
04/10/2020,Willie's Grill &  Icehouse - North Loop,Bexar,Alamo WDA,35,03/17/2020,04/21/2020,San Antonio
04/10/2020,Willie's Grill & Icehouse,Bexar,Alamo WDA,32,03/17/2020,04/21/2020,San Antonio
04/10/2020,Willie's Grill & Icehouse - Katy Fwy,Fort Bend,Gulf Coast WDA,40,03/17/2020,04/21/2020,Houston
04/10/2020,Willie's Grill & Icehouse - Cypress,Harris,Gulf Coast WDA,51,03/17/2020,04/21/2020,Cypress
04/10/2020,Pacific Drilling - Pacific Sharav,Fort Bend,Gulf Coast WDA,82,04/13/2020,04/13/2020,Houston
04/10/2020,Willie's Grill & Icehouse - Georgetown,Williamson,Rural Capital WDA,69,03/17/2020,04/21/2020,Georgetown
04/10/2020,Hilton Garden Inn - Dallas Market Center,Dallas,Dallas County WDA,61,03/16/2020,04/10/2020,Dallas
04/10/2020,"Yazaki North America dba Elcom, Inc.",El Paso,Borderplexjobs WDA,43,04/13/2020,04/13/2020,El Paso
04/10/2020,Willie's Grill & Icehouse - Hwy 6 N,Fort Bend,Gulf Coast WDA,77,03/17/2020,04/21/2020,Houston
04/10/2020,Willie's Grill & Icehouse - 1960 RD,Fort Bend,Gulf Coast WDA,29,03/17/2020,04/21/2020,Houston
04/10/2020,Willie's Grill & Icehouse - NW FWY,Fort Bend,Gulf Coast WDA,35,03/17/2020,04/21/2020,Houston
04/10/2020,NexTier Completion Solutions Inc. - San Angelo,Tom Green,Concho Valley WDA,53,03/19/2020,04/22/2020,San Angelo
04/10/2020,Willie's Grill & Icehouse - Sugar Land,Fort Bend,Gulf Coast WDA,37,03/17/2020,04/21/2020,Sugar Land
04/10/2020,Avis Budget Car Rental-Airport Blvd,Harris,Gulf Coast WDA,47,03/13/2020,04/29/2020,Houston
04/10/2020,Willie's Grill & Icehouse - HWY 249,Fort Bend,Gulf Coast WDA,39,03/17/2020,04/21/2020,Houston
04/09/2020,Turner Industries-Corpus Christi,Nueces,Coastal Bend WDA,40,06/11/2020,04/21/2020,Corpus Ch
04/09/2020,Universal Pressure Pumping,Midland,Permian Basin WDA,70,04/09/2020,04/13/2020,Midland
04/09/2020,Black Bear Diner-Sugarland,Fort Bend,Gulf Coast WDA,46,05/07/2020,04/24/2020,Sugarland
04/09/2020,Black Bear Diner-Shenandoah,Montgomery,Gulf Coast WDA,71,05/07/2020,04/21/2020,Shenandoah
04/09/2020,Black Bear Diner-Katy,Fort Bend,Gulf Coast WDA,47,05/07/2020,04/24/2020,Katy
04/09/2020,Black Bear Diner-Humble,Harris,Gulf Coast WDA,56,05/07/2020,04/24/2020,Humble
04/09/2020,Black Bear Diner-15720 N Frwy,Harris,Gulf Coast WDA,42,05/07/2020,04/24/2020,Houston
04/09/2020,Black Bear Diner-19823 NW Frwy,Harris,Gulf Coast WDA,2,05/07/2020,04/24/2020,Houston
04/09/2020,Embassy Suites-Dallas Love Field,Dallas,Dallas County WDA,58,03/09/2020,04/10/2020,Dallas
04/09/2020,InterContinental Houston Medical Center,Fort Bend,Gulf Coast WDA,75,04/09/2020,04/13/2020,Houston
04/09/2020,Gristmill River Restaurant and Bar,Comal,Alamo WDA,305,03/19/2020,04/10/2020,New Braunfels
04/09/2020,Step Energy Services,Midland,Permian Basin WDA,76,04/16/2020,04/10/2020,Midland
04/09/2020,Capital Sand Permian,Ward,Permian Basin WDA,50,04/07/2020,04/10/2020,Monahans
04/09/2020,VSPOne Dallas,Denton,North Central Texas WDA,133,04/10/2020,04/21/2020,Lewisville
04/08/2020,Medieval Times,Dallas,Dallas County WDA,190,03/12/2020,04/15/2020,Dallas
04/08/2020,Prospect Airport Services-DFW Airport,Tarrant,Tarrant County WDA,201,03/20/2020,04/29/2020,DFW Airport
04/07/2020,North American Dental Group,Collin,North Central Texas WDA,12,03/23/2020,04/24/2020,Allen
04/07/2020,Universal Pressure Pumping-Pearsall,Frio,Tarrant County WDA,200,04/07/2020,04/14/2020,Pearsall
04/07/2020,North American Dental - Roanoke,Denton,North Central Texas WDA,8,03/23/2020,04/24/2020,Roanoke
04/07/2020,North American Dental - Tyler,Smith,East Texas WDA,32,03/23/2020,04/24/2020,Tyler
04/07/2020,"Huhtamaki, Inc.",Lamar,North East Texas WDA,60,04/07/2020,04/10/2020,Paris
04/07/2020,Halliburton-Elmendorf,Bexar,Alamo WDA,384,04/07/2020,04/07/2020,Elmendorf
04/07/2020,Leggette & Pratt Inc.,Ellis,North Central Texas WDA,192,04/05/2020,04/13/2020,Ennis
04/07/2020,El Gallo-,Harris,Gulf Coast WDA,9,03/31/2020,04/07/2020,Houston
04/07/2020,Epic Piping LLC,Hays,Rural Capital WDA,73,04/07/2020,04/21/2020,San Marcos
04/07/2020,Avianca-Houston,Harris,Gulf Coast WDA,1,04/01/2020,04/28/2020,Houston
04/07/2020,Avianca-DFW Airport,Dallas,Dallas County WDA,1,04/01/2020,04/28/2020,DFW Airport
04/07/2020,Frontier Enterp;rise,Bexar,Alamo WDA,1000,04/07/2020,04/07/2020,San Antonio
04/07/2020,YMCA-San Antonio,Bexar,Alamo WDA,1679,03/18/2020,04/07/2020,San Antonio
04/07/2020,"Exeter Finance, LLC",Dallas,Dallas County WDA,29,04/07/2020,04/21/2020,Irving
04/07/2020,ProPetro-Cement Operations Facility,Midland,Permian Basin WDA,39,04/07/2020,04/10/2020,Midland
04/06/2020,Haliburton Energy Services-Brownfield,Terry,South Plains WDA,41,04/06/2020,04/06/2020,Brownfield
04/06/2020,Questo Beso,Dallas,Dallas County WDA,42,03/16/2020,04/13/2020,Dallas
04/06/2020,Scholastic Book Faris-Houston,Harris,Gulf Coast WDA,86,04/23/2020,04/28/2020,Houston
04/06/2020,Haliburton Energy Services-Odessa,Ector,Permian Basin WDA,237,04/06/2020,04/06/2020,Odessa
04/06/2020,Traffic Los Angeles--Joule Hotel,Dallas,Dallas County WDA,4,03/16/2020,04/13/2020,Dallas
04/06/2020,Forty Five Ten,Dallas,Dallas County WDA,10,03/16/2020,04/13/2020,Dallas
04/06/2020,Scholastic Book Fairs-Waco,McLennan,Heart of Texas WDA,43,03/20/2020,04/28/2020,Waco
04/06/2020,Tango Room,Dallas,Dallas County WDA,2,03/16/2020,04/13/2020,Dallas
04/06/2020,"Wheelhouse, Sassetta",Dallas,Dallas County WDA,82,03/16/2020,04/13/2020,Dallas
04/06/2020,The Porch,Dallas,Dallas County WDA,69,03/16/2020,04/13/2020,Dallas
04/06/2020,The Joule Hotel,Dallas,Dallas County WDA,432,03/19/2020,04/13/2020,Dallas
04/06/2020,Forty Five Ten-Highland Park,Dallas,Dallas County WDA,34,03/16/2020,04/13/2020,Dallas
04/06/2020,Benihana-Plano,Collin,North Central Texas WDA,56,03/18/2020,04/13/2020,Plano
04/06/2020,"Vallourec Sta, LP",Harris,Gulf Coast WDA,144,05/09/2020,05/01/2020,Houston
04/06/2020,The Commisary,Dallas,Dallas County WDA,19,03/16/2020,04/13/2020,Dallas
04/06/2020,Scholastic Book Fairs-Arlington,Tarrant,Tarrant County WDA,85,03/24/2020,04/28/2020,Arlington
04/06/2020,Paul Martin's-Dallas,Dallas,Dallas County WDA,57,04/07/2020,04/22/2020,Dallas
04/05/2020,Ra Sushi-Austin,Travis,Capital Area WDA,55,03/17/2020,04/13/2020,Austin
04/05/2020,Ra Sushi-Southlake,Tarrant,Tarrant County WDA,33,03/18/2020,04/13/2020,Southlake
04/05/2020,Benihana Las Colinas,Dallas,Dallas County WDA,53,03/17/2020,04/08/2020,Irving
04/05/2020,Benihana Dallas,Dallas,Dallas County WDA,72,03/17/2020,04/08/2020,Dallas
04/05/2020,Ra Sushi-Houston,Harris,Gulf Coast WDA,67,03/17/2020,04/13/2020,Houston
04/05/2020,Benihana-The Woodlands,Montgomery,Gulf Coast WDA,38,03/19/2020,04/13/2020,The Woodlands
04/05/2020,Benihana-Westhiemer,Harris,Gulf Coast WDA,52,03/17/2020,04/13/2020,Houston
04/05/2020,Ra Sushi-Plano,Collin,North Central Texas WDA,44,03/18/2020,04/13/2020,Plano
04/05/2020,Benihana-Houston,Harris,Gulf Coast WDA,41,03/17/2020,04/13/2020,Houston
04/05/2020,Benihana-Sugarland,Fort Bend,Gulf Coast WDA,41,03/17/2020,04/13/2020,Sugar Land
04/04/2020,Justin Brands-W. Daggett,Tarrant,Tarrant County WDA,121,04/05/2020,04/22/2020,Ft. Worth
04/03/2020,David McDavid Acura,Travis,Capital Area WDA,13,04/03/2020,04/22/2020,Austin
04/03/2020,David McDavid Acura-Plano,Collin,North Central Texas WDA,42,04/03/2020,04/22/2020,Plano
04/03/2020,David McDavid- Lincoln,Collin,North Central Texas WDA,27,04/03/2020,04/22/2020,Plano
04/03/2020,JW Marriott Austin,Travis,Capital Area WDA,166,04/10/2020,04/14/2020,Austin
04/03/2020,National Credit Services,Dallas,Dallas County WDA,141,04/03/2020,04/07/2020,Dallas
04/03/2020,David McDavid- Ford,Tarrant,Tarrant County WDA,50,04/03/2020,04/22/2020,Ft. Worth
04/03/2020,David McDavid- Honda,Dallas,Dallas County WDA,50,04/03/2020,04/22/2020,Irving
04/03/2020,South Texas Eye Institute,Bexar,Alamo WDA,21,03/23/2020,04/21/2020,San Antonio
04/03/2020,US Silica-Crane Facility,Crane,Permian Basin WDA,71,05/21/2020,04/22/2020,Crane
04/03/2020,David McDavid Honda-Frisco,Collin,North Central Texas WDA,67,04/03/2020,04/22/2020,Frisco
04/03/2020,"Roquemore Holdings, LLC",Dallas,Dallas County WDA,37,04/03/2020,04/08/2020,Garland
04/03/2020,Global Investigative Services,Dallas,Dallas County WDA,11,04/03/2020,04/08/2020,Garland
04/03/2020,Turner Industries-Pasadena,Harris,Gulf Coast WDA,105,06/05/2020,04/08/2020,Pasadena
04/02/2020,Kinsel Ford-Toyota,Jefferson,South East Texas WDA,8,04/02/2020,04/22/2020,Beaumont
04/02/2020,Martin-Brower Co. LLC,Montgomery,Gulf Coast WDA,44,04/02/2020,04/15/2020,Conroe
04/02/2020,Tandy Leather Co.,Tarrant,Tarrant County WDA,14,04/01/2020,04/14/2020,Ft. Worth
04/02/2020,"UTLX Manufacturing, Inc.",Harris,Gulf Coast WDA,81,06/01/2020,04/13/2020,Houston
04/02/2020,Turner Industries,Lamar,North East Texas WDA,500,06/05/2020,04/08/2020,Paris
04/02/2020,"Watson & Chalin Manufacturing, Inc. - McKinney",Collin,North Central Texas WDA,103,04/03/2020,04/21/2020,McKinney
04/02/2020,Pioneer Frozen Foods,Dallas,Dallas County WDA,90,03/27/2020,04/06/2020,Duncanville
04/02/2020,Palmer of Texas,Andrews,Permian Basin WDA,50,04/01/2020,04/06/2020,Andrews
04/02/2020,Fairfield Inn & Suites Dallas,Dallas,Dallas County WDA,56,03/25/2020,04/14/2020,Dallas
04/02/2020,"Kinsel Ford, Inc.",Jefferson,South East Texas WDA,19,04/02/2020,04/22/2020,Beaumont
04/01/2020,Avis Car Rental,Dallas,Dallas County WDA,901,03/13/2020,05/01/2020,Dallas
04/01/2020,Avis Car Rental-3937 26th Ave,Dallas,Dallas County WDA,12,03/11/2020,05/01/2020,Dallas
04/01/2020,Zachary Industrial-LyndellBaseII,Harris,Gulf Coast WDA,288,03/30/2020,04/09/2020,Houston
04/01/2020,Hampton Inn-Frisco,Collin,North Central Texas WDA,11,04/01/2020,04/21/2020,Frisco
04/01/2020,Courtyard by Marriott Austin,Travis,Capital Area WDA,53,04/01/2020,04/21/2020,Pflugerville
04/01/2020,Hyatt Place-Cedar Park,Williamson,Rural Capital WDA,12,04/01/2020,04/21/2020,Cedar Park
04/01/2020,Avis Car Rental-Cedar Springs,Dallas,Dallas County WDA,33,03/13/2020,05/01/2020,Dallas
04/01/2020,Avis Car Rental-3850 26th,Dallas,Dallas County WDA,8,03/11/2020,05/01/2020,Dallas
03/31/2020,Fixbrewhouse-El Paso,El Paso,Borderplexjobs WDA,127,05/01/2020,04/08/2020,El Paso
03/31/2020,El Gallo,Harris,Gulf Coast WDA,10,03/31/2020,04/07/2020,Houston
03/31/2020,Guadalajara Hacienda-,Montgomery,Gulf Coast WDA,42,03/31/2020,04/07/2020,Shenandoah
03/31/2020,HMS Host-Lubbock Airport,Lubbock,South Plains WDA,15,03/19/2020,04/27/2020,Lubbock
03/31/2020,HMS Host-El Paso Airport,El Paso,Borderplexjobs WDA,70,03/19/2020,04/27/2020,El Paso
03/31/2020,Pioneer Frozen Foods-Dallas,Dallas,Dallas County WDA,70,04/03/2020,04/09/2020,Dallas
03/31/2020,Guadalajara Hacienda,Fort Bend,Gulf Coast WDA,37,03/31/2020,04/07/2020,Katy
03/31/2020,InterContinental-Stephen F Austin,Travis,Capital Area WDA,99,04/03/2020,04/21/2020,Austin
03/31/2020,Guadalajara Grille,Harris,Gulf Coast WDA,36,03/31/2020,04/07/2020,Houston
03/31/2020,Step Energy Services-Floresville,Wilson,Alamo WDA,69,04/16/2020,04/13/2020,Floresville
03/31/2020,Justin Brands-Ft Worth,Tarrant,Tarrant County WDA,10,03/20/2020,04/14/2020,Fort Worth
03/31/2020,Fixbrewhouse-San Antonio,Bexar,Alamo WDA,164,05/01/2020,04/08/2020,San Antonio
03/31/2020,Justin Brands-Childress,Childress,Panhandle WDA,7,03/20/2020,04/14/2020,Childress
03/31/2020,Great American Products Ltd.,Comal,Alamo WDA,1,03/25/2020,03/31/2020,New Braunfels
03/31/2020,Justin Brands-El Paso,El Paso,Borderplexjobs WDA,179,03/20/2020,04/14/2020,El Paso
03/31/2020,Holiday Inn-Riverwalk,Bexar,Alamo WDA,61,04/03/2020,04/01/2020,San Antonio
03/31/2020,Guadalajara Del Centro,Harris,Gulf Coast WDA,71,04/01/2020,04/07/2020,Houston
03/31/2020,SiteMinder Hospitality-Colonnade,Dallas,Dallas County WDA,36,03/31/2020,04/14/2020,Addison
03/31/2020,Drive Time,Johnson,Tarrant County WDA,108,03/30/2020,03/31/2020,Ft. Worth
03/31/2020,"Flixbrewhouse-Cinema Breweries,Inc.",Williamson,Rural Capital WDA,168,05/01/2020,04/08/2020,Round Rock
03/31/2020,Fixbrewhouse-Frisco,Collin,North Central Texas WDA,137,05/01/2020,04/08/2020,Frisco
03/31/2020,"uShip, Inc.",Travis,Capital Area WDA,65,04/09/2020,04/06/2020,Austin
03/31/2020,Justin Brands-N. Desert,El Paso,Borderplexjobs WDA,5,03/20/2020,04/14/2020,El Paso
03/31/2020,Justin Brands--Gateway W,El Paso,Borderplexjobs WDA,6,03/16/2020,04/14/2020,El Paso
03/31/2020,Justin Brands-1756 Gateway,El Paso,Borderplexjobs WDA,6,03/20/2020,04/14/2020,El Paso
03/31/2020,Justin Brands-7100 Gateway E,El Paso,Borderplexjobs WDA,6,03/20/2020,04/14/2020,El Paso
03/31/2020,"DynaEnergetics US, Inc.",Hill,Heart of Texas WDA,85,03/31/2020,04/15/2020,Blum
03/30/2020,Sport Clips - FM620,Travis,Capital Area WDA,6,03/28/2020,04/13/2020,Austin
03/30/2020,Sport Clips - Trimmier Rd,Bell,Central Texas WDA,10,03/28/2020,04/13/2020,Killeen
03/30/2020,Sport Clips - Hwy 190,Coryell,Central Texas WDA,9,03/28/2020,04/13/2020,Copperas Cove
03/30/2020,Sport Clips - Town Center,Travis,Capital Area WDA,12,03/28/2020,04/13/2020,Pflugerville
03/30/2020,Sport Clips - Frontage Rd.,Travis,Capital Area WDA,13,03/28/2020,04/13/2020,Austin
03/30/2020,Sport Clips - Shops Pkwy,Travis,Capital Area WDA,13,03/28/2020,04/13/2020,Austin
03/30/2020,Sport Clips - S. IH-35 Round Rock,Williamson,Rural Capital WDA,6,03/28/2020,04/13/2020,Round Rock
03/30/2020,Sport Clips - Walton Way,Williamson,Rural Capital WDA,8,03/28/2020,04/13/2020,Cedar Park
03/30/2020,Veritas Shop Fabrication,Smith,East Texas WDA,67,03/26/2020,03/30/2020,Whitehouse
03/30/2020,Holiday Inn Army Hotels,Bexar,Alamo WDA,61,04/17/2020,03/30/2020,San Antonio
03/30/2020,Sport Clips - Palm Valley,Williamson,Rural Capital WDA,8,03/28/2020,04/13/2020,Round Rock
03/30/2020,Sport Clips - University Oaks,Williamson,Rural Capital WDA,9,03/28/2020,04/13/2020,Round Rock
03/30/2020,Sport Clips - Whitestone Blvd,Williamson,Rural Capital WDA,10,03/28/2020,04/13/2020,Cedar Park
03/30/2020,Sport Clips - Kyle Parkway,Hays,Rural Capital WDA,12,03/28/2020,04/13/2020,Kyle
03/30/2020,Sports Clips - San Antonio Rd,Hays,Rural Capital WDA,7,03/28/2020,04/13/2020,Buda
03/30/2020,Double Tree by Hilton Hotel,Travis,Capital Area WDA,63,03/13/2020,04/06/2020,Austin
03/30/2020,Sport Clips - Agnes St.,Bastrop,Rural Capital WDA,11,03/28/2020,04/13/2020,Bastrop
03/30/2020,Sport Clips - Rivery Blvd.,Williamson,Rural Capital WDA,17,03/28/2020,04/13/2020,Georgetown
03/30/2020,Drive Time - Houston,Fort Bend,Gulf Coast WDA,61,03/30/2020,04/27/2020,Houston
03/30/2020,Hilton Houston Westchase,Harris,Gulf Coast WDA,50,03/27/2020,04/07/2020,Houston
03/30/2020,IKO Southwest LLC,Hill,Heart of Texas WDA,31,03/30/2020,04/27/2020,Hillsboro
03/30/2020,"EMI Industries, LLC",Tarrant,Tarrant County WDA,30,03/30/1930,04/08/2020,Arlington
03/30/2020,Sport Clips - N. Mopac,Travis,Capital Area WDA,12,03/28/2020,04/13/2020,Austin
03/30/2020,Sport clips - Bee Caves,Travis,Capital Area WDA,6,03/28/2020,04/13/2020,Austin
03/30/2020,Sport Clips - Lakeline,Travis,Capital Area WDA,9,03/28/2020,04/13/2020,Austin
03/30/2020,Sport Clips - Hwy. 290,Travis,Capital Area WDA,13,03/28/2020,04/13/2020,Austin
03/29/2020,Suitssupply-Dallas,Dallas,Dallas County WDA,19,03/29/2020,04/15/2020,Dallas
03/29/2020,Suitsupply-Austin,Travis,Capital Area WDA,7,03/29/2020,04/15/2020,Austin
03/28/2020,Ahern Rentals-El Paso,El Paso,Borderplexjobs WDA,1,03/30/2020,04/20/2020,El Paso
03/28/2020,Ahern Rentals-Corpus Christi.,Nueces,Coastal Bend WDA,1,03/30/2020,04/20/2020,Corpus Ch
03/28/2020,Ahern Rentals-Irving,Dallas,Dallas County WDA,12,03/30/2020,04/20/2020,Irving
03/28/2020,Ahern Rentals-Lubbock,Lubbock,South Plains WDA,1,03/30/2020,04/20/2020,Lubbock
03/28/2020,Ahern Rentals-Houston,Harris,Gulf Coast WDA,12,03/30/2020,04/20/2020,Houston
03/28/2020,Ahern Rentals-Ft Worth,Tarrant,Tarrant County WDA,3,03/30/2020,04/20/2020,Fort Worth
03/28/2020,Ahern Rentals-San Antonio,Bexar,Alamo WDA,2,03/30/2020,04/20/2020,San Antonio
03/27/2020,Paper Source-N. Lamar,Travis,Capital Area WDA,12,03/29/2020,04/10/2020,Austin
03/27/2020,Down on Grayson,Bexar,Alamo WDA,75,03/18/2020,03/31/2020,San Antonio
03/27/2020,DriveTime Automotive-Houston,Harris,Gulf Coast WDA,61,03/30/2020,04/30/2020,Houston
03/27/2020,Westin Stonbriar Hotel,Collin,North Central Texas WDA,123,03/20/2020,03/30/2020,Frisco
03/27/2020,Paper Source-Southlake,Denton,Tarrant County WDA,6,03/29/2020,04/08/2020,Southlake
03/27/2020,"Charbonneau Industries, Inc.",Harris,Gulf Coast WDA,60,04/10/2020,04/14/2020,Houston
03/27/2020,Paper Source-Palm Way,Travis,Capital Area WDA,10,03/29/2020,04/10/2020,Austin
03/27/2020,Charbonneau Ind.-Warehouse,Harris,Gulf Coast WDA,20,04/10/2020,04/14/2020,Houston
03/27/2020,Trico Products,Cameron,Cameron County WDA,212,03/30/2020,03/30/2020,Brownsville
03/27/2020,Paper Source,Dallas,Dallas County WDA,11,03/29/2020,04/01/2020,Dallas
03/27/2020,Pinnacle Logistics,Dallas,Dallas County WDA,134,03/28/2020,03/30/2020,Dallas
03/27/2020,Dorman Milano Hat Co.,Dallas,Dallas County WDA,20,03/31/2020,04/01/2020,Dallas
03/27/2020,Paper Source-Cole Ave,Dallas,Dallas County WDA,10,03/29/2020,04/01/2020,Dallas
03/27/2020,Paper Source-Town and Country,Harris,Gulf Coast WDA,10,03/29/2020,04/13/2020,Houston
03/27/2020,Paper Source-Plano,Collin,North Central Texas WDA,8,03/29/2020,04/08/2020,Plano
03/27/2020,Rosewood Mansion,Dallas,Dallas County WDA,1,03/27/2020,04/30/2020,Dallas
03/27/2020,Paper Source-Westheimer,Harris,Gulf Coast WDA,17,03/29/2020,04/13/2020,Houston
03/27/2020,"Compeat, Inc.",Travis,Capital Area WDA,56,03/31/2020,04/14/2020,Austin
03/26/2020,Pappasito's 24,Tarrant,Tarrant County WDA,42,03/16/2020,04/10/2020,Dallas
03/26/2020,Pappasito's 01,Harris,Gulf Coast WDA,86,03/16/2020,04/14/2020,Houston
03/26/2020,Pappadeaux Seafood Kitchen 34,Hidalgo,Lower Rio Grande Valley WDA,201,03/25/2020,04/13/2020,Pharr
03/26/2020,Pappas Delta Blues,Collin,North Central Texas WDA,75,03/21/2020,04/13/2020,Plano
03/26/2020,Pappadeaux Seafood Kitchen 35,Tarrant,Tarrant County WDA,88,03/19/2020,04/10/2020,Dallas
03/26/2020,Pappadeaux Seafood Kitchen 42,Tarrant,Tarrant County WDA,113,03/16/2020,04/10/2020,Dallas
03/26/2020,Pappasito's 02,Harris,Gulf Coast WDA,106,03/26/2020,04/14/2020,Houston
03/26/2020,Tinseltown USA El Paso,El Paso,Borderplexjobs WDA,108,03/26/2020,05/04/2020,El Paso
03/26/2020,Pappas Bar-B-Q 24,Dallas,Dallas County WDA,62,03/16/2020,04/10/2020,Duncanville
03/26/2020,Cinemark 12 Pearland,Brazoria,Gulf Coast WDA,37,03/26/2020,04/28/2020,Pearland
03/26/2020,Pappasito's 10,Harris,Gulf Coast WDA,169,03/16/2020,04/14/2020,Houston
03/26/2020,Pappasito's 12,Harris,Gulf Coast WDA,128,03/16/2020,04/14/2020,Houston
03/26/2020,Pappas Catering Dallas,Dallas,Dallas County WDA,11,03/24/2020,04/10/2020,Richardson
03/26/2020,Spitzer Industries-Brookshire,Waller,Gulf Coast WDA,53,03/26/2020,04/13/2020,Brookshire
03/26/2020,Pappasito's 06,Harris,Gulf Coast WDA,150,03/16/2020,04/14/2020,Humble
03/26/2020,Pappadeaux Seafood Kitchen 03,Travis,Capital Area WDA,125,03/22/2020,04/08/2020,Austin
03/26/2020,The Pearl South Padre,Cameron,Cameron County WDA,105,03/27/2020,04/01/2020,South Padre Is.
03/26/2020,Tinseltown Movies 17,Tarrant,Tarrant County WDA,70,03/26/2020,05/04/2020,Grapevine
03/26/2020,Pappas Bar-B-Q 05,Dallas,Dallas County WDA,35,03/16/2020,04/10/2020,Dallas
03/26/2020,Pappasito's 20,Tarrant,Tarrant County WDA,91,03/16/2020,04/10/2020,Dallas
03/26/2020,Pappas Bros. Steakhouse 2,Dallas,Dallas County WDA,101,03/19/2020,04/10/2020,Dallas
03/26/2020,Pappasito's 07,Harris,Gulf Coast WDA,95,03/16/2020,04/14/2020,Houston
03/26/2020,Pappasito's 08,Harris,Gulf Coast WDA,151,03/16/2020,04/14/2020,Houston
03/26/2020,Cinemark 12 Sherman,Grayson,Texoma WDA,39,03/26/2020,05/04/2020,Sherman
03/26/2020,Little Pappasito's,Harris,Gulf Coast WDA,109,03/16/2020,04/14/2020,Houston
03/26/2020,Century 12 Abilene,Jones,West Central WDA,23,03/26/2020,05/04/2020,Abilene
03/26/2020,Pappasito's 15,Tarrant,Tarrant County WDA,136,04/17/2020,04/13/2020,Ft. Worth
03/26/2020,Pappadeaux Seafood Kitchen 27,Montgomery,Gulf Coast WDA,186,03/26/2020,04/13/2020,Shenandoah
03/26/2020,Pappadeaux Seafood Kitchen 22,Harris,Gulf Coast WDA,99,03/22/2020,04/13/2020,Houston
03/26/2020,Pappadeaux Seafood Kitchen 10,Harris,Gulf Coast WDA,167,03/16/2020,04/13/2020,Houston
03/26/2020,Pappadeaux Seafood Kitchen 11,Dallas,Dallas County WDA,165,03/21/2020,04/10/2020,Dallas
03/26/2020,Pappadeaux Seafood Kitchen 07,Dallas,Dallas County WDA,180,03/16/2020,04/09/2020,Richardson
03/26/2020,Pappadeaux Seafood Kitchen 32,Harris,Gulf Coast WDA,78,03/22/2020,04/13/2020,Houston
03/26/2020,Pappas Catering Austin,Travis,Capital Area WDA,17,03/24/2020,04/09/2020,Austin
03/26/2020,Cinemark Montana 14,El Paso,Borderplexjobs WDA,74,03/26/2020,05/04/2020,El Paso
03/26/2020,Pappasito's 09,Travis,Capital Area WDA,128,03/16/2020,04/09/2020,Austin
03/26/2020,Pappadeaux Seafood Kitchen 09,Harris,Gulf Coast WDA,184,03/16/2020,04/13/2020,Houston
03/26/2020,Pappadeaux Seafood Kitchen 12,Bexar,Alamo WDA,213,03/25/2020,04/08/2020,San Antonio
03/26/2020,Cinemark West,El Paso,Borderplexjobs WDA,66,03/26/2020,05/04/2020,El Paso
03/26/2020,Pappadeaux Seafood Kitchen 1,Harris,Gulf Coast WDA,95,03/21/2020,04/13/2020,Houston
03/26/2020,Pappadeaux Seafood Kitchen 39,Travis,Capital Area WDA,123,03/17/2020,04/09/2020,Austin
03/26/2020,Pappadeaux Seafood Kitchen 05,Harris,Gulf Coast WDA,178,03/16/2020,04/13/2020,Stafford
03/26/2020,Pappadeaux Seafood Kitchen 06,Dallas,Dallas County WDA,146,03/22/2020,04/09/2020,Dallas
03/26/2020,Pappasito's 13,Dallas,Dallas County WDA,121,03/16/2020,04/10/2020,Dallas
03/26/2020,Pappadeaux Seafood Kitchen 16,Tarrant,Tarrant County WDA,186,03/17/2020,04/13/2020,Fort Worth
03/26/2020,Pappadeaux Seafood Kitchen 18,Tarrant,Tarrant County WDA,90,03/21/2020,04/13/2020,Bedford
03/26/2020,Pappadeaux Seafood Kitchen 36,Tarrant,Tarrant County WDA,154,,04/13/2020,Grapevine
03/26/2020,Pappadeaux Seafood Kitchen 29,Dallas,Dallas County WDA,161,03/16/2020,04/10/2020,Duncanville
03/26/2020,Pappadeaux Seafood Kitchen 41,Harris,Gulf Coast WDA,113,03/17/2020,04/14/2020,Houston
03/26/2020,Pappadeaux Seafood Kitchen 37,Harris,Gulf Coast WDA,140,03/16/2020,04/14/2020,Houston
03/26/2020,Cinemark Movie Bistro,El Paso,Borderplexjobs WDA,35,03/26/2020,05/04/2020,El Paso
03/26/2020,Pappadeaux Seafood Kitchen 02,Harris,Gulf Coast WDA,100,03/16/2020,04/13/2020,Houston
03/26/2020,Pappadeaux Seafood Kitchen 08,Tarrant,Tarrant County WDA,155,03/18/2020,04/13/2020,Arlington
03/26/2020,Pappadeaux Seafood Kitchen 40,Bexar,Alamo WDA,231,03/25/2020,04/08/2020,San Antonio
03/26/2020,Cinemark Abilene,Jones,West Central WDA,36,03/26/2020,05/04/2020,Abilene
03/26/2020,Pappasito's 05,Dallas,Dallas County WDA,116,03/16/2020,04/10/2020,Richardson
03/26/2020,Pappadeaux Seafood Kitchen 28,Harris,Gulf Coast WDA,74,03/19/2020,04/13/2020,Houston
03/26/2020,Cielo Vista Mall 14,El Paso,Borderplexjobs WDA,53,03/26/2020,05/04/2020,El Paso
03/26/2020,Pappadeaux Seafood Kitchen 21,Collin,North Central Texas WDA,165,03/16/2020,04/10/2020,Dallas
03/26/2020,Pappas Catering San Antonio,Bexar,Alamo WDA,27,03/24/2020,04/08/2020,San Antonio
03/26/2020,Pappasito's 16,Tarrant,Tarrant County WDA,127,03/18/2020,04/13/2020,Arlington
03/26/2020,Pappas Delta Blues - Houston,Harris,Gulf Coast WDA,97,03/21/2020,04/21/2020,Webster
03/26/2020,Cornerstone Community-Weatherford,Parker,North Central Texas WDA,4,05/29/2020,05/04/2020,Weatherford
03/26/2020,Cornerstone Community-Mulberry,Wise,North Central Texas WDA,7,05/29/2020,05/04/2020,Decatur
03/26/2020,Cornerstone Community-Mineral Wells,Palo Pinto,North Central Texas WDA,10,05/29/2020,05/04/2020,Mineral Wells
03/26/2020,Cornerstone Community-Boyd,Wise,North Central Texas WDA,4,05/29/2020,05/04/2020,Boyd
03/26/2020,Cornerstone Community-Decatur,Wise,North Central Texas WDA,2,05/29/2020,05/04/2020,Decatur
03/26/2020,Pappasito's 03,Fort Bend,Gulf Coast WDA,135,03/16/2020,04/14/2020,Sugarland
03/26/2020,Tinseltown Lubbock,Lubbock,South Plains WDA,67,03/26/2020,05/01/2020,Lubbock
03/26/2020,Cinemark Pharr 16,Hidalgo,Lower Rio Grande Valley WDA,54,03/26/2020,04/29/2020,Pharr
03/26/2020,Pappas Burger 1,Harris,Gulf Coast WDA,90,03/16/2020,04/21/2020,Houston
03/26/2020,Cinemark - Allen 16,Collin,North Central Texas WDA,53,03/26/2020,05/04/2020,Allen
03/26/2020,Movies 12  Texas City,Galveston,Gulf Coast WDA,26,03/26/2020,04/29/2020,Texas City
03/26/2020,Tinseltown Jacinto City,Harris,Gulf Coast WDA,50,03/26/2020,04/29/2020,Houston
03/26/2020,Ridgmar 13,Tarrant,Tarrant County WDA,56,03/26/2020,05/04/2020,Fort Worth
03/26/2020,Tinseltown The Woodlands,Montgomery,Gulf Coast WDA,71,03/26/2020,04/29/2020,The Woodlands
03/26/2020,Cinemark San Antonio 16,Bexar,Alamo WDA,21,03/26/2020,04/24/2020,San Antonio
03/26/2020,Tinseltown USA 290,Harris,Gulf Coast WDA,78,03/26/2020,04/29/2020,Houston
03/26/2020,Cinemark 14 Wichita Falls,Archer,North Texas WDA,46,03/26/2020,04/29/2020,Wichita Falls
03/26/2020,Pappas Bar-B-Q 14,Harris,Gulf Coast WDA,40,03/16/2020,04/20/2020,Houston
03/26/2020,Pappas Bros. Steakhouse 3,Harris,Gulf Coast WDA,94,03/17/2020,04/21/2020,Houston
03/26/2020,Cinemark Frisco Square,Collin,North Central Texas WDA,64,03/26/2020,05/04/2020,Frisco
03/26/2020,Pappas Bar-B-Q 15,Harris,Gulf Coast WDA,19,03/20/2020,04/20/2020,Houston
03/26/2020,Movies 14 McKinney,Collin,North Central Texas WDA,45,03/26/2020,05/04/2020,McKinney
03/26/2020,Pappas Bar-B-Q 19,Harris,Gulf Coast WDA,29,03/16/2020,04/20/2020,Houston
03/26/2020,Pappas Bar-B-Q 20,Harris,Gulf Coast WDA,40,03/16/2020,04/20/2020,Houston
03/26/2020,Pappas Bar-B-Q 21,Harris,Gulf Coast WDA,17,03/16/2020,04/21/2020,Houston
03/26/2020,CUT! by Cinemark,Collin,North Central Texas WDA,172,03/26/2020,05/04/2020,Frisco
03/26/2020,Cinemark West Plano,Collin,North Central Texas WDA,165,03/26/2020,05/04/2020,Plano
03/26/2020,Pappas Bar-B-Q 22,Harris,Gulf Coast WDA,40,03/16/2020,04/21/2020,Houston
03/26/2020,Cinema 6 Cleburn,Johnson,North Central Texas WDA,15,03/26/2020,05/04/2020,Cleburne
03/26/2020,Subway - (Pappas HOU Airport),Harris,Gulf Coast WDA,85,03/16/2020,04/22/2020,Houston
03/26/2020,Cinema 6 Stephenville,Erath,North Central Texas WDA,20,03/26/2020,05/04/2020,Stephenville
03/26/2020,Cinemark Central Plano,Collin,North Central Texas WDA,52,03/26/2020,05/04/2020,Plano
03/26/2020,Pappas Bros. Steakhouse 1,Harris,Gulf Coast WDA,110,03/21/2020,04/21/2020,Houston
03/26/2020,Cinemark 15 @ Vista,Denton,North Central Texas WDA,39,03/26/2020,05/04/2020,Lewisville
03/26/2020,Cinemark 14 Roanoke,Denton,Tarrant County WDA,69,03/26/2020,05/04/2020,Roanoke
03/26/2020,Cinemark 14 Denton,Denton,North Central Texas WDA,52,03/26/2020,05/04/2020,Denton
03/26/2020,Cinemark 14 Cedar Hill,Dallas,Dallas County WDA,29,03/26/2020,05/04/2020,Cedar Hill
03/26/2020,Cinemark (The Legacy),Collin,North Central Texas WDA,96,03/26/2020,05/04/2020,Plano
03/26/2020,Main Place 6,Hidalgo,Lower Rio Grande Valley WDA,17,03/26/2020,04/29/2020,McAllen
03/26/2020,Pappas Bar-B-Q 23,Harris,Gulf Coast WDA,47,03/17/2020,04/21/2020,Pasadena
03/26/2020,Barry's Pizza (Pappas),Harris,Gulf Coast WDA,23,03/16/2020,04/22/2020,Houston
03/26/2020,Dot Coffee Shop (Pappas -Woodridge),Harris,Gulf Coast WDA,88,03/20/2020,04/22/2020,Houston
03/26/2020,Dot Coffee Shop (Pappas -Federal),Harris,Gulf Coast WDA,80,03/20/2020,04/22/2020,Houston
03/26/2020,Yia Yia Mary's Greek Kitchen (Pappas - San Felipe),Harris,Gulf Coast WDA,83,03/21/2020,04/22/2020,Houston
03/26/2020,Yia Yia Mary's Greek Kitchen (Pappas - Airport),Harris,Gulf Coast WDA,18,03/16/2020,04/22/2020,Houston
03/26/2020,Chick-fll-A (Pappas),Harris,Gulf Coast WDA,33,03/16/2020,04/22/2020,Houston
03/26/2020,Dunkin Donuts/Baskin Robbins (Pappas),Harris,Gulf Coast WDA,23,03/16/2020,04/22/2020,Houston
03/26/2020,Gordon's Galley (Pappas),Harris,Gulf Coast WDA,24,03/16/2020,04/22/2020,Houston
03/26/2020,Cinemark Edinburg,Hidalgo,Lower Rio Grande Valley WDA,64,03/26/2020,04/29/2020,Edinburg
03/26/2020,Ruby's (Pappas),Harris,Gulf Coast WDA,87,03/20/2020,04/22/2020,Houston
03/26/2020,Pappas Seafood House (NASA),Harris,Gulf Coast WDA,149,03/17/2020,04/22/2020,Webster
03/26/2020,Pappas Restaurants Corporate,Harris,Gulf Coast WDA,124,03/20/2020,04/23/2020,Houston
03/26/2020,Pappas Distribution/Trades Offices - 1,Harris,Gulf Coast WDA,129,03/27/2020,04/23/2020,Houston
03/26/2020,Pappas Distribution/Trades Offices - 2,Harris,Gulf Coast WDA,23,03/27/2020,04/23/2020,Houston
03/26/2020,Pappas Distribution/Trades Offices - 3,Harris,Gulf Coast WDA,60,03/27/2020,04/23/2020,Houston
03/26/2020,Pappas Bread and Dessert Bakeries,Harris,Gulf Coast WDA,99,03/11/2020,04/23/2020,Houston
03/26/2020,Pappas Pappas Bar-B-Q Catering,Harris,Gulf Coast WDA,20,03/24/2020,04/23/2020,Houston
03/26/2020,Pappas Catering Houston,Harris,Gulf Coast WDA,25,03/24/2020,04/23/2020,Houston
03/26/2020,Pappas Confectionary/ Delivery,Harris,Gulf Coast WDA,107,03/25/2020,04/23/2020,Houston
03/26/2020,Hunan (Pappas),Harris,Gulf Coast WDA,19,03/16/2020,04/22/2020,Houston
03/26/2020,Movies 4,Howard,Permian Basin WDA,11,03/26/2020,04/30/2020,Big Spring
03/26/2020,Movies 10 Weslaco,Hidalgo,Lower Rio Grande Valley WDA,32,03/26/2020,04/30/2020,Weslaco
03/26/2020,Movies 17,Hidalgo,Gulf Coast WDA,28,03/26/2020,04/30/2020,McAllen
03/26/2020,Little Pappas Seafood House,Harris,Gulf Coast WDA,52,03/21/2020,04/21/2020,Houston
03/26/2020,Town Centre Cinema 6,Hale,South Plains WDA,12,03/26/2020,05/01/2020,Plainview
03/26/2020,Movies 16,Lubbock,South Plains WDA,30,03/26/2020,05/01/2020,Lubbock
03/26/2020,Cinemark Cedar Park 12,Williamson,Rural Capital WDA,72,03/26/2020,04/30/2020,Cedar Park
03/26/2020,Pappas Burger 2,Harris,Gulf Coast WDA,112,03/26/2020,04/21/2020,Houston
03/26/2020,Tinseltown USA Beaumont,Jefferson,South East Texas WDA,68,03/26/2020,04/30/2020,Beaumont
03/26/2020,Pappas Shrimp Shack,Harris,Gulf Coast WDA,46,03/20/2020,04/22/2020,Houston
03/26/2020,Cinemark 14 Round Rock,Williamson,Rural Capital WDA,52,03/26/2020,04/30/2020,Round Rock
03/26/2020,Mall de Las Aguilas 7,Maverick,Middle Rio Grande WDA,23,03/26/2020,04/30/2020,Eagle Pass
03/26/2020,Century 12 Odessa,Ector,Permian Basin WDA,24,03/26/2020,04/30/2020,Odessa
03/26/2020,Hollywood USA - Amarillo,Potter,Panhandle WDA,35,03/26/2020,04/30/2020,Amarillo
03/26/2020,Movies 8 Paris,Lamar,North East Texas WDA,15,03/26/2020,04/30/2020,Paris
03/26/2020,Cinemark 14 Texarkana,Bowie,North East Texas WDA,48,03/26/2020,04/30/2020,Texarkana
03/26/2020,Movies 8 Del Rio,Val Verde,Middle Rio Grande WDA,21,03/26/2020,04/30/2020,Del Rio
03/26/2020,Pappas Seafood House (FM 1960),Harris,Gulf Coast WDA,152,03/16/2020,04/22/2020,Humble
03/26/2020,Tinseltown Mission,Hidalgo,Lower Rio Grande Valley WDA,23,03/26/2020,04/30/2020,Mission
03/26/2020,Cinemark Rockwall 14 and XD,Rockwall,North Central Texas WDA,54,03/26/2020,05/04/2020,Rockwall
03/26/2020,Movies 8 Round Rock,Williamson,Rural Capital WDA,23,03/26/2020,04/30/2020,Round Rock
03/26/2020,Pappas Bar-B-Q 06,Harris,Gulf Coast WDA,39,03/16/2020,04/15/2020,Houston
03/26/2020,Cinemark Southpark Meadows,Travis,Capital Area WDA,58,03/26/2020,04/28/2020,Austin
03/26/2020,Fossil Group,Dallas,Dallas County WDA,222,03/30/2020,03/30/2020,Dallas
03/26/2020,Kirchhoff Automotive,Dallas,Dallas County WDA,148,03/20/2020,03/27/2020,Garland
03/26/2020,Hollywood USA Movies 15,Dallas,Dallas County WDA,20,03/26/2020,04/28/2020,Garland
03/26/2020,Pappas Bar-B-Q 02,Harris,Gulf Coast WDA,50,03/16/2020,04/15/2020,Houston
03/26/2020,Cinemark Grand Prairie,Dallas,Dallas County WDA,54,03/26/2020,04/28/2020,Grand Prairie
03/26/2020,Pappas Bar-B-Q 03,Harris,Gulf Coast WDA,32,03/16/2020,04/15/2020,Houston
03/26/2020,Lewis Energy-Encinal,La Salle,Middle Rio Grande WDA,187,05/01/2020,04/15/2020,Encinal
03/26/2020,Cinemark McKinney,Collin,North Central Texas WDA,67,03/26/2020,05/04/2020,McKinney
03/26/2020,"Tincup Water Solutions, LLC",Wilson,Alamo WDA,127,03/24/2020,03/30/2020,Stockdale
03/26/2020,McCreless Mall 10,Bexar,Alamo WDA,21,03/26/2020,04/24/2020,San Antonio
03/26/2020,North East Mall 18,Tarrant,Tarrant County WDA,62,03/26/2020,05/04/2020,Hurst
03/26/2020,Tinseltown San Angelo,Tom Green,Concho Valley WDA,47,03/26/2020,04/28/2020,San Angelo
03/26/2020,Harker Heights 16,Bell,Central Texas WDA,48,03/26/2020,04/28/2020,Harker Heights
03/26/2020,Cinemark Temple 12,Bell,Central Texas WDA,43,03/26/2020,04/28/2020,Temple
03/26/2020,Cinemark Stone Hill Town Center,Travis,Capital Area WDA,29,03/26/2020,04/28/2020,Pflugerville
03/26/2020,Cinemark 12 and XD,Johnson,Tarrant County WDA,53,03/26/2020,05/04/2020,Mansfield
03/26/2020,Pappas Bar-B-Q 04,Harris,Gulf Coast WDA,58,03/16/2020,04/15/2020,Houston
03/26/2020,Pappasito's 19,Harris,Gulf Coast WDA,28,03/16/2020,04/15/2020,Houston
03/26/2020,Pappasito's 18,Harris,Gulf Coast WDA,29,03/16/2020,04/14/2020,Houston
03/26/2020,Suitsupply-Houston,Harris,Gulf Coast WDA,15,03/29/2020,04/14/2020,Houston
03/26/2020,Suitsupply-The Woodlands,Montgomery,Gulf Coast WDA,6,03/29/2020,04/14/2020,The Woodlands
03/26/2020,Cinemark 12 Cypress,Harris,Gulf Coast WDA,67,03/26/2020,04/28/2020,Cypress
03/26/2020,Brazos Town Center 12,Fort Bend,Gulf Coast WDA,34,03/26/2020,04/28/2020,Rosenberg
03/26/2020,Pappasito's 14,Harris,Gulf Coast WDA,128,03/16/2020,04/14/2020,Houston
03/26/2020,Victoria Mall,Victoria,Golden Crescent WDA,23,03/26/2020,04/28/2020,Victoria
03/26/2020,Hydraulic Fracturing Facility,Midland,Permian Basin WDA,388,03/26/2020,03/30/2020,Midland
03/26/2020,Suitsupply-Plano,Collin,North Central Texas WDA,9,03/29/2020,04/15/2020,Plano
03/26/2020,Pappas Bar-B-Q 08,Harris,Gulf Coast WDA,43,03/16/2020,04/15/2020,Houston
03/26/2020,Pappasito's 21,Harris,Gulf Coast WDA,117,03/16/2020,04/15/2020,Houston
03/26/2020,Cinemark Lufkin 12,Angelina,Deep East Texas WDA,28,03/26/2020,04/28/2020,Lufkin
03/26/2020,Pappasito's 22,Harris,Gulf Coast WDA,117,03/16/2020,04/15/2020,Houston
03/26/2020,Movies 14 Lancaster,Dallas,Dallas County WDA,54,03/26/2020,04/28/2020,Lancaster
03/26/2020,Pappasito's 23,Montgomery,Gulf Coast WDA,180,03/17/2020,04/15/2020,Shenandoah
03/26/2020,Pappas Bar-B-Q 01,Harris,Gulf Coast WDA,44,03/16/2020,04/15/2020,Houston
03/26/2020,MicroStar Quality Services,Maverick,Middle Rio Grande WDA,74,03/27/2020,03/30/2020,Eagle Pass
03/26/2020,Athens Cinema 4,Henderson,East Texas WDA,9,03/26/2020,04/28/2020,Athens
03/26/2020,Cinemark Webster,Harris,Gulf Coast WDA,77,03/26/2020,04/29/2020,Webster
03/26/2020,Cinemark at Market Street,Montgomery,Gulf Coast WDA,15,03/26/2020,04/28/2020,The Woodlands
03/26/2020,Cinemark Brownsville,Cameron,Cameron County WDA,57,03/26/2020,04/27/2020,Brownsville
03/26/2020,Cinemark Houston,Harris,Gulf Coast WDA,53,03/26/2020,04/28/2020,Houston
03/26/2020,Movies 10 Brownsville,Cameron,Cameron County WDA,30,03/26/2020,04/27/2020,Brownsville
03/26/2020,Cinemark New Caney and XD,Montgomery,Gulf Coast WDA,43,03/26/2020,04/28/2020,New Caney
03/26/2020,Cinemark 17,Dallas,Dallas County WDA,58,03/26/2020,04/28/2020,Dallas
03/26/2020,Cinemark 19,Fort Bend,Gulf Coast WDA,61,03/26/2020,04/28/2020,Katy
03/26/2020,Tinseltown USA Pflugerville,Travis,Capital Area WDA,97,03/26/2020,04/28/2020,Pflugerville
03/26/2020,Cinemark Harlingen,Cameron,Cameron County WDA,68,03/26/2020,04/27/2020,Harlingen
03/26/2020,Cinemark Spring Town Center,Harris,Gulf Coast WDA,27,03/26/2020,04/28/2020,Spring
03/26/2020,Movies 18,Brazos,Brazos Valley WDA,69,03/26/2020,04/27/2020,College Station
03/26/2020,Pappas Bar-B-Q 09,Harris,Gulf Coast WDA,59,03/16/2020,04/15/2020,Humble
03/26/2020,Century 16 XD and IMAX,Nueces,Coastal Bend WDA,88,03/26/2020,04/28/2020,Corpus Christi
03/26/2020,Cinemark Hill Country Galleria,Travis,Capital Area WDA,44,03/26/2020,04/27/2020,Austin
03/26/2020,Pappas Bar-B-Q 10,Harris,Gulf Coast WDA,31,03/16/2020,04/15/2020,Webster
03/26/2020,Movies 12 Laredo,Webb,South Texas WDA,29,03/26/2020,05/04/2020,Laredo
03/26/2020,Cinemark Mall Del Norte,Webb,South Texas WDA,54,03/26/2020,05/04/2020,Laredo
03/26/2020,Movies 10 Harlingen,Cameron,Cameron County WDA,22,03/26/2020,04/27/2020,Harlingen
03/26/2020,Pappas Bar-B-Q 12,Harris,Gulf Coast WDA,46,03/16/2020,04/16/2020,Houston
03/26/2020,Hollywood USA,Harris,Gulf Coast WDA,64,03/26/2020,04/29/2020,Pasadena
03/26/2020,Pappas Bar-B-Q 13,Harris,Gulf Coast WDA,39,03/16/2020,04/20/2020,Houston
03/26/2020,Cinemark @ Alliance Towne Center,Tarrant,Tarrant County WDA,64,03/26/2020,05/04/2020,Fort Worth
03/25/2020,Quick Weight Loss Centers - Conroe,Montgomery,Gulf Coast WDA,4,03/25/2020,04/07/2020,Conroe
03/25/2020,Quick Weight Loss Centers - Cinco Ranch,Fort Bend,Gulf Coast WDA,4,03/25/2020,04/07/2020,Houston
03/25/2020,Alsco - Kyle,Hays,Rural Capital WDA,3,03/27/2020,03/31/2020,Kyle
03/25/2020,Quick Weight Loss Centers - FM 1960,Harris,Gulf Coast WDA,4,03/25/2020,04/07/2020,Houston
03/25/2020,The St. Anthony Hotel,Bexar,Alamo WDA,208,03/27/2020,03/31/2020,San Antonio
03/25/2020,Legacy West,Collin,North Central Texas WDA,82,03/25/2020,03/27/2020,Plano
03/25/2020,FTS International Services-Aledo,Parker,North Central Texas WDA,72,03/16/2020,03/25/2020,Aledo
03/25/2020,Quick Weight Loss Centers - Humble,Harris,Gulf Coast WDA,3,03/25/2020,04/07/2020,Humble
03/25/2020,Quick Weight Loss Centers - Pasadene,Harris,Gulf Coast WDA,4,03/25/2020,04/07/2020,Pasadena
03/25/2020,Quick Weight Loss Centers - HWY 6,Harris,Gulf Coast WDA,4,03/25/2020,04/07/2020,Houston
03/25/2020,Pappasito's 11,Bexar,Alamo WDA,137,03/18/2020,04/08/2020,San Antonio
03/25/2020,Hyatt Regency Houston,Harris,Gulf Coast WDA,67,03/25/2020,04/13/2020,Houston
03/25/2020,Quick Weight Loss Centers - Spring Stuebner Rd,Harris,Gulf Coast WDA,4,03/25/2020,04/07/2020,Spring
03/25/2020,Alsco-Oliver St,Harris,Gulf Coast WDA,58,03/25/2020,04/09/2020,Houston
03/25/2020,Quick Weight Loss Centers - Katy,Harris,Gulf Coast WDA,4,03/25/2020,04/07/2020,Spring
03/25/2020,Saint Arnold Brewing Co.,Harris,Gulf Coast WDA,135,03/25/2020,04/24/2020,Houston
03/25/2020,Hyatt Regency Houston Galeria,Harris,Gulf Coast WDA,110,03/25/2020,04/13/2020,Houston
03/25/2020,Quick Weight Loss Centers - Pearland,Harris,Gulf Coast WDA,4,03/25/2020,04/07/2020,Webster
03/25/2020,Quick Weight Loss Center - 9000 SW Frwy,Harris,Gulf Coast WDA,5,03/25/2020,04/07/2020,Houston
03/25/2020,Quick Weight Loss Centers - Westheimer,Harris,Gulf Coast WDA,4,03/25/2020,04/07/2020,Houston
03/25/2020,Quick Weight Loss Centers - Cypress,Harris,Gulf Coast WDA,4,03/25/2020,04/07/2020,Cypress
03/25/2020,Quick Weight Loss Centers - Webster,Harris,Gulf Coast WDA,5,03/25/2020,04/07/2020,Webster
03/25/2020,Quick Weight Loss Centers - 2615 SW Frwy,Harris,Gulf Coast WDA,4,03/25/2020,04/07/2020,Houston
03/25/2020,Quick Weight Loss Centers - Spring Sawdust,Harris,Gulf Coast WDA,4,03/25/2020,04/07/2020,Spring
03/25/2020,Quick Weight Loss Centers - Rosenberg,Fort Bend,Gulf Coast WDA,4,03/25/2020,04/07/2020,Rosenberg
03/24/2020,Marriott City Place-Spicewood Village,Harris,Gulf Coast WDA,73,03/25/2020,04/30/2020,Spring
03/24/2020,Four Seasons Hotel-Houston,Harris,Gulf Coast WDA,344,03/23/2020,04/10/2020,Houston
03/24/2020,Jostens,Denton,North Central Texas WDA,142,03/24/2020,03/27/2020,Denton
03/24/2020,Cameron Mitchell Restaurants,Dallas,Dallas County WDA,125,03/16/2020,03/24/2020,Dallas
03/24/2020,Autobahn Imports,Tarrant,Tarrant County WDA,124,03/31/1930,04/22/2020,Ft. Worth
03/23/2020,Take 5 Department 548,Harris,Gulf Coast WDA,4,03/22/2020,04/08/2020,Webster
03/23/2020,Take 5 Department 511,Dallas,Dallas County WDA,7,03/22/2020,04/08/2020,Irving
03/23/2020,Schulte Companies-Richland Hills,Bexar,Alamo WDA,19,03/16/2020,04/08/2020,San Antonio
03/23/2020,Schulte Companies-Loop 1604,Bexar,Alamo WDA,13,03/16/2020,04/08/2020,San Antonio
03/23/2020,Schulte Companies-Navarro St.,Bexar,Alamo WDA,21,03/16/2020,04/08/2020,San Antonio
03/23/2020,Schulte Companies-Houston,Harris,Gulf Coast WDA,18,03/16/2020,04/08/2020,Houston
03/23/2020,Schulte Companies-Dallas,Dallas,Dallas County WDA,2,03/16/2020,04/08/2020,Dallas
03/23/2020,Schulte Companies-E. Houston,Bexar,Alamo WDA,22,03/16/2020,04/08/2020,San Antonio
03/23/2020,Schulte Companies-Cinema Ridge,Bexar,Alamo WDA,19,03/16/2020,04/08/2020,San Antonio
03/23/2020,Take 5 Department 527,Dallas,Dallas County WDA,7,03/23/2020,04/08/2020,Dallas
03/23/2020,Take 5 Department 512,Dallas,Dallas County WDA,5,03/22/2020,04/08/2020,Irving
03/23/2020,Take 5 Department 51,Dallas,Dallas County WDA,7,03/22/2020,04/08/2020,Garland
03/23/2020,Take 5 Department 203,Dallas,Dallas County WDA,3,03/22/2020,04/08/2020,Garland
03/23/2020,Take 5 Department 204,Tarrant,Tarrant County WDA,8,03/22/2020,04/08/2020,Fort Worth
03/23/2020,Take 5 Department 533,Dallas,Dallas County WDA,6,03/22/2020,04/08/2020,Sachse
03/23/2020,Take 5 Department 107,Walker,Gulf Coast WDA,4,03/22/2020,04/07/2020,Huntsville
03/23/2020,Hilton Houston Galeria,Harris,Gulf Coast WDA,35,03/19/2020,04/07/2020,Houston
03/23/2020,Take 5 Department 558,Harris,Gulf Coast WDA,4,03/22/2020,04/07/2020,Houston
03/23/2020,Take 5 Department 560,Harris,Gulf Coast WDA,3,03/22/2020,04/07/2020,Houston
03/23/2020,Take 5 Department 561,Harris,Gulf Coast WDA,6,03/22/2020,04/07/2020,Humble
03/23/2020,Take 5 Department 562,Harris,Gulf Coast WDA,6,03/22/2020,04/07/2020,Channelview
03/23/2020,Take 5 Department 608,Harris,Gulf Coast WDA,3,03/22/2020,04/07/2020,Houston
03/23/2020,Take 5 Department 101,Harris,Gulf Coast WDA,5,03/22/2020,04/07/2020,Spring
03/23/2020,Take 5 Department 566,Harris,Gulf Coast WDA,3,03/22/2020,04/07/2020,Houston
03/23/2020,Take 5 Department 109,Brazos,Brazos Valley WDA,4,03/22/2020,04/07/2020,College Station
03/23/2020,Take 5 Department 117,Fort Bend,Gulf Coast WDA,7,03/22/2020,04/07/2020,Missouri City
03/23/2020,Take 5 Department 507,Parker,Gulf Coast WDA,2,03/22/2020,04/07/2020,Hudson Oaks
03/23/2020,Take 5 Department 540,Harris,Gulf Coast WDA,3,03/22/2020,04/07/2020,Houston
03/23/2020,Take 5 Department 541,Harris,Gulf Coast WDA,7,03/22/2020,04/07/2020,Houston
03/23/2020,Take 5 Department 103,Harris,Gulf Coast WDA,4,03/22/2020,04/07/2020,Pasadena
03/23/2020,Take 5 Department 543,Harris,Gulf Coast WDA,4,03/22/2020,04/07/2020,Houston
03/23/2020,Dyn365 dba Restaurant365,Travis,Capital Area WDA,95,03/27/2020,03/30/2020,Austin
03/23/2020,Collegiate Hotel Group,Dallas,Dallas County WDA,35,03/16/2020,04/01/2020,Dallas
03/23/2020,Take 5 Department 171,Bexar,Alamo WDA,4,03/22/2020,04/01/2020,San Antonio
03/23/2020,Take 5 Department 173,Bexar,Alamo WDA,5,03/22/2020,04/01/2020,San Antonio
03/23/2020,Take 5 Department 174,Bexar,Alamo WDA,6,03/22/2020,04/01/2020,San Antonio
03/23/2020,Take 5 Department 176,Bexar,Alamo WDA,4,03/22/2020,04/01/2020,San Antonio
03/23/2020,Take 5 Department 557,Harris,Gulf Coast WDA,3,03/22/2020,04/07/2020,Houston
03/23/2020,Alsco - Houston,Fort Bend,Gulf Coast WDA,128,03/26/2020,03/31/2020,Houston
03/23/2020,Hard Rock Café,Harris,Gulf Coast WDA,39,03/27/2020,03/25/2020,Houston
03/23/2020,Maines Paper & Food Service,Kaufman,North Central Texas WDA,41,03/19/2020,03/25/2020,Terrell
03/23/2020,Take 5 Department 82,Harris,Gulf Coast WDA,4,03/22/2020,04/07/2020,Houston
03/23/2020,Take 5 Department 81,Harris,Gulf Coast WDA,9,03/22/2020,04/07/2020,Houston
03/23/2020,Take 5 Department 83,Montgomery,Gulf Coast WDA,5,03/22/2020,04/07/2020,Spring
03/23/2020,Take 5 Department 86,Harris,Gulf Coast WDA,5,03/22/2020,04/07/2020,Houston
03/23/2020,Take 5 Department 97,Harris,Gulf Coast WDA,6,03/22/2020,04/07/2020,Cypress
03/23/2020,Cantina Del Rio,Comal,Alamo WDA,52,03/19/2020,04/01/2020,New Braunfels
03/23/2020,Take 5 Department 431,Tarrant,Tarrant County WDA,6,03/22/2020,04/08/2020,Lake Worth
03/23/2020,Take 5 Department 245,Harris,Gulf Coast WDA,6,03/22/2020,04/08/2020,Houston
03/23/2020,Take 5 Department 246,Hale,Gulf Coast WDA,6,03/22/2020,04/08/2020,Hale Center
03/23/2020,Take 5 Department 253,Harris,Gulf Coast WDA,5,03/22/2020,04/08/2020,Houston
03/23/2020,Take 5 Department 414,Harris,Gulf Coast WDA,3,03/23/2020,04/08/2020,La Porte
03/23/2020,Take 5 Department 415,Harris,Gulf Coast WDA,3,03/22/2020,04/08/2020,Houston
03/23/2020,Take 5 Department 104,Montgomery,Gulf Coast WDA,5,03/22/2020,04/07/2020,Spring
03/23/2020,Take 5 Deaprtment 427,Fort Bend,Gulf Coast WDA,4,03/22/2020,04/08/2020,Houston
03/23/2020,Take 5 Department 233,Brazoria,Gulf Coast WDA,6,03/22/2020,04/08/2020,Pearland
03/23/2020,Take 5 Department 555,Fort Bend,Gulf Coast WDA,7,03/22/2020,04/08/2020,Katy
03/23/2020,Take 5 Department 556,Harris,Gulf Coast WDA,6,03/22/2020,04/07/2020,Houston
03/23/2020,Take 5 Department 564,Harris,Gulf Coast WDA,5,03/22/2020,04/08/2020,Crosby
03/23/2020,Take 5 Department 565,Galveston,Gulf Coast WDA,5,03/23/2020,04/08/2020,League City
03/23/2020,Take 5 Department 64,Dallas,Dallas County WDA,8,03/22/2020,04/08/2020,Dallas
03/23/2020,Take 5 Department 66,Dallas,Dallas County WDA,9,03/22/2020,04/08/2020,Mesquite
03/23/2020,Take 5 Department 416,Harris,Gulf Coast WDA,7,03/22/2020,04/08/2020,Tomball
03/23/2020,Take 5 Department 172,Bexar,Alamo WDA,2,03/22/2020,04/01/2020,San Antonio
03/23/2020,Take 5 Department 73,Dallas,Dallas County WDA,5,03/22/2020,04/08/2020,Duncanville
03/23/2020,Take 5 Department 542,Harris,Gulf Coast WDA,4,03/22/2020,04/07/2020,Katy
03/23/2020,Take 5 Department 544,Harris,Gulf Coast WDA,9,03/22/2020,04/07/2020,Humble
03/23/2020,Take 5 Department 545,Harris,Gulf Coast WDA,3,03/22/2020,04/07/2020,Houston
03/23/2020,Take 5 Department 547,Harris,Gulf Coast WDA,5,03/22/2020,04/07/2020,Deer Park
03/23/2020,Take 5 Department 105,Montgomery,Gulf Coast WDA,6,03/22/2020,04/07/2020,Spring
03/23/2020,Take 5 Department 238,Fort Bend,Gulf Coast WDA,4,03/22/2020,04/08/2020,Missouri City
03/23/2020,Eviti Gaming Headquarters,Travis,Capital Area WDA,183,03/23/2020,04/07/2020,Austin
03/23/2020,Take 5 Department 235,Harris,Gulf Coast WDA,6,03/22/2020,04/08/2020,Houston
03/23/2020,Take 5 Department 205,Harris,Gulf Coast WDA,6,03/22/2020,04/08/2020,Houston
03/23/2020,Take 5 Department 217,Harris,Gulf Coast WDA,4,03/22/2020,04/08/2020,Pasadena
03/23/2020,Take 5 Department 226,Montgomery,Gulf Coast WDA,3,03/22/2020,04/08/2020,Conroe
03/23/2020,Take 5 Department 230,Harris,Gulf Coast WDA,2,03/23/2020,04/08/2020,Pasadena
03/23/2020,Take 5 Department 231,Harris,Gulf Coast WDA,9,03/22/2020,04/08/2020,Baytown
03/23/2020,Take 5 Department 106,Montgomery,Gulf Coast WDA,4,03/22/2020,04/07/2020,Conroe
03/23/2020,Eveti Production Facility,Travis,Capital Area WDA,48,03/23/2020,04/07/2020,Austin
03/23/2020,Hooters - Beltline Rd.,Dallas,Dallas County WDA,36,03/16/2020,04/14/2020,Addison
03/23/2020,Take 5 Department 549,Fort Bend,Gulf Coast WDA,3,03/22/2020,04/08/2020,Rosenberg
03/23/2020,Hooters - Ingram Rd.,Bexar,Alamo WDA,59,03/16/2020,04/14/2020,San Antonio
03/23/2020,Hooters - San Pedro,Bexar,Alamo WDA,46,03/16/2020,04/14/2020,San Antonio
03/23/2020,Hooters - Commerce St.,Bexar,Alamo WDA,35,03/16/2020,04/14/2020,San Antonio
03/23/2020,Hooters -  Selma,Bexar,Alamo WDA,36,03/16/2020,04/14/2020,Selma
03/23/2020,Hooters - Rudder Fwy,Brazos,Brazos Valley WDA,53,03/16/2020,04/14/2020,Bryan
03/23/2020,Hooters - Bass Pro Dr.,Cameron,Cameron County WDA,61,03/16/2020,04/14/2020,Harlingen
03/23/2020,Take 5 Department 530,Collin,North Central Texas WDA,8,03/22/2020,04/14/2020,Murphy
03/23/2020,Hooters - S. Padre Island Dr,Nueces,Coastal Bend WDA,51,03/16/2020,04/14/2020,Corpus Christi
03/23/2020,Hooters - Wurbach Rd.,Bexar,Alamo WDA,40,03/16/2020,04/14/2020,San Antonio
03/23/2020,Hooters - N. Lamar,Dallas,Dallas County WDA,80,03/16/2020,04/14/2020,Dallas
03/23/2020,Hooters - N. Bass Pro Dr.,Dallas,Dallas County WDA,42,03/16/2020,04/14/2020,Garland
03/23/2020,Hooters - IH 20 West,Dallas,Dallas County WDA,66,03/16/2020,04/14/2020,Grand Prairie
03/23/2020,Hooters - N. Beltline,Dallas,Dallas County WDA,50,03/16/2020,04/14/2020,Irving
03/23/2020,Hooters - Market Place Blvd.,Dallas,Dallas County WDA,36,03/16/2020,04/14/2020,Irving
03/23/2020,Hooters - Towne Crossing Blvd.,Dallas,Dallas County WDA,58,03/16/2020,04/14/2020,Mesquite
03/23/2020,Take 5 Department 184,Bexar,Alamo WDA,5,03/22/2020,04/13/2020,San Antonio
03/23/2020,Hooters - Sherwood Way,Tom Green,Concho Valley WDA,47,03/13/2020,04/14/2020,San Angelo
03/23/2020,Take 5 Department 194,Bexar,Alamo WDA,6,03/22/2020,04/14/2020,Schertz
03/23/2020,Take 5 Department 185,Bexar,Alamo WDA,7,03/22/2020,04/13/2020,Universal City
03/23/2020,Take 5 Department 186,Bexar,Alamo WDA,5,03/22/2020,04/13/2020,Live Oak
03/23/2020,Take 5 Department 187,Bexar,Alamo WDA,4,,04/13/2020,Converse
03/23/2020,Take 5 Department 188,Bexar,Alamo WDA,4,03/22/2020,04/13/2020,San Antonio
03/23/2020,Take 5 Department 189,Comal,Alamo WDA,8,03/22/2020,04/13/2020,New Braunfels
03/23/2020,Take 5 Department 190,Bexar,Alamo WDA,5,03/22/2020,04/13/2020,San Antonio
03/23/2020,Take 5 Department 191,Bexar,Alamo WDA,6,03/22/2020,04/13/2020,San Antonio
03/23/2020,Take 5 Department 49,Dallas,Dallas County WDA,5,03/22/2020,04/14/2020,Dallas
03/23/2020,Take 5 Department 193,Comal,Alamo WDA,9,03/22/2020,04/13/2020,Canyon Lake
03/23/2020,Hooters - Heards Ln.,Galveston,Gulf Coast WDA,63,03/16/2020,04/14/2020,Galveston
03/23/2020,Take 5 Department 195,Kendall,Alamo WDA,1,03/22/2020,04/14/2020,Boerne
03/23/2020,Take 5 Department 196,Bexar,Alamo WDA,6,03/22/2020,04/14/2020,San Antonio
03/23/2020,Take 5 Department 197,Bexar,Alamo WDA,5,03/22/2020,04/14/2020,Helotes
03/23/2020,Take 5 Department 505,Johnson,North Central Texas WDA,3,03/22/2020,04/14/2020,Burleson
03/23/2020,Hooters,Bexar,Alamo WDA,52,03/16/2020,04/14/2020,Kirby
03/23/2020,Take 5 Department 506,Dallas,Dallas County WDA,5,03/22/2020,04/14/2020,Cedar Hill
03/23/2020,Take 5 Department 509,Palo Pinto,North Central Texas WDA,5,03/22/2020,04/14/2020,Mineral Wells
03/23/2020,Take 5 Department 192,Bexar,Alamo WDA,5,03/22/2020,04/13/2020,San Antonio
03/23/2020,Hooters - Preston Rd.,Collin,North Central Texas WDA,26,03/16/2020,04/15/2020,Frisco
03/23/2020,Hooters - FM 1960,Fort Bend,Gulf Coast WDA,28,03/31/2020,04/14/2020,Houston
03/23/2020,Hooters - SW Blvd.,Tarrant,Tarrant County WDA,20,03/16/2020,04/15/2020,Fort Worth
03/23/2020,Hooters - Throckmorton,Tarrant,Tarrant County WDA,50,03/16/2020,04/15/2020,Fort Worth
03/23/2020,Hooters - Crossroads,Tarrant,Tarrant County WDA,49,03/16/2020,04/15/2020,Grapevine
03/23/2020,Hooters - Grapevine Hwy,Tarrant,Tarrant County WDA,50,03/16/2020,04/15/2020,Richland Hills
03/23/2020,Hooters - Sunmount,El Paso,Borderplexjobs WDA,75,03/16/2020,04/15/2020,El Paso
03/23/2020,Hooters - State Line,Bowie,North East Texas WDA,33,03/16/2020,04/15/2020,Texarkana
03/23/2020,Hooters - N. Collins,Tarrant,Tarrant County WDA,64,03/16/2020,04/15/2020,Arlington
03/23/2020,Hooters - Uptown,Dallas,North Central Texas WDA,45,03/16/2020,04/15/2020,Cedar Hill
03/23/2020,Hooters - Overland Trl,Jones,West Central WDA,40,03/16/2020,04/15/2020,Abilene
03/23/2020,Hooters - Plano,Collin,North Central Texas WDA,36,03/16/2020,04/15/2020,Plano
03/23/2020,Hooters - Call Field Rd.,Archer,North Texas WDA,31,03/16/2020,04/15/2020,Wichita Falls
03/23/2020,Hooters - Denton,Denton,North Central Texas WDA,54,03/16/2020,04/15/2020,Denton
03/23/2020,Hooters - S. Stemmons,Denton,North Central Texas WDA,51,03/16/2020,04/15/2020,Lewisville
03/23/2020,Hooters - N. Central Exwy,Collin,North Central Texas WDA,37,03/16/2020,04/15/2020,McKinney
03/23/2020,Alsco-Center Branch,Harris,Gulf Coast WDA,1,04/06/2020,04/27/2020,Houston
03/23/2020,Holiday Inn-Austin,Travis,Capital Area WDA,67,03/23/2020,04/30/2020,Austin
03/23/2020,Hooters - East Expressway,Hidalgo,Lower Rio Grande Valley WDA,50,03/16/2020,04/15/2020,McAllen
03/23/2020,Hooters - Jack Kultgen Fwy,McLennan,Heart of Texas WDA,36,03/16/2020,04/14/2020,Waco
03/23/2020,Hooters - Tombail Fwy,Fort Bend,Gulf Coast WDA,37,03/16/2020,04/14/2020,Houston
03/23/2020,Hooters - Katy Fwy,Fort Bend,Gulf Coast WDA,531,03/16/2020,04/14/2020,Katy
03/23/2020,Hooters - Hwy 59 North,Harris,Gulf Coast WDA,53,03/16/2020,04/14/2020,Humble
03/23/2020,Hooters - Sam Houston,Harris,Gulf Coast WDA,62,03/16/2020,04/14/2020,Pasadena
03/23/2020,Hooters - South Fwy,Brazoria,Gulf Coast WDA,51,03/16/2020,04/14/2020,Pearland
03/23/2020,Hooters - NASA Rd.,Harris,Gulf Coast WDA,44,03/16/2020,04/14/2020,Seabrook
03/23/2020,Hooters - Gulf Fwy,Harris,Gulf Coast WDA,46,03/16/2020,04/14/2020,Webster
03/23/2020,Hooters - West I-20,Tarrant,Tarrant County WDA,60,03/16/2020,04/15/2020,Arlington
03/23/2020,Take 5 Department 110,Brazos,Brazos Valley WDA,4,03/22/2020,04/14/2020,Bryan
03/23/2020,Hooters - 4710 I-0 East,Harris,Gulf Coast WDA,46,03/16/2020,04/14/2020,Baytown
03/23/2020,Hooters - 40 West,Potter,Panhandle WDA,47,03/16/2020,04/15/2020,Amarillo
03/23/2020,Hooters - S.W. Fwy,Fort Bend,Gulf Coast WDA,45,03/16/2020,04/15/2020,Stafford
03/23/2020,Hooters - 850 I-10,Jefferson,South East Texas WDA,37,03/16/2020,04/15/2020,Beaumont
03/23/2020,Hooters - San Bernardo,Webb,South Texas WDA,39,03/16/2020,04/15/2020,Laredo
03/23/2020,Hooters - John Ben Shepperd Pkwy.,Ector,Permian Basin WDA,69,03/16/2020,04/15/2020,Odessa
03/23/2020,Hooters - 27001 H35,Williamson,Rural Capital WDA,80,03/16/2020,04/15/2020,Round Rock
03/23/2020,Hooters - San Marcos,Hays,Rural Capital WDA,61,03/16/2020,04/15/2020,San Marcos
03/23/2020,Houston Marriott Westchase,Harris,Gulf Coast WDA,175,03/20/2020,04/14/2020,Houston
03/23/2020,Take 5 Department 503,Johnson,Tarrant County WDA,3,03/22/2020,04/10/2020,Burleson
03/23/2020,Tske 5 Department 510,Tarrant,Tarrant County WDA,3,03/22/2020,04/10/2020,Bedford
03/23/2020,Take 5 Department 435,Tarrant,Tarrant County WDA,7,03/23/2020,04/10/2020,Saginaw
03/23/2020,Take 5 Department 436,Montgomery,Gulf Coast WDA,3,03/22/2020,04/10/2020,Magnolia
03/23/2020,Take 5 Department 441,Lubbock,South Plains WDA,5,03/22/2020,04/10/2020,Lubbock
03/23/2020,Take 5 Department 442,Lubbock,South Plains WDA,10,03/22/2020,04/10/2020,Lubbock
03/23/2020,Take 5 Department 444,Lubbock,South Plains WDA,6,03/22/2020,04/10/2020,Lubbock
03/23/2020,Take 5 Department 433,Harris,Gulf Coast WDA,4,03/22/2020,04/10/2020,Tomball
03/23/2020,Take 5 Department 502,Tarrant,Tarrant County WDA,4,03/22/2020,04/10/2020,Arlington
03/23/2020,Take 5 Department 425,Tarrant,Tarrant County WDA,9,03/22/2020,04/10/2020,Fort Worth
03/23/2020,Take 5 Department 57,Dallas,Dallas County WDA,5,03/22/2020,04/08/2020,Dallas
03/23/2020,Chalk Mountain Services of Texas LLC,Winkler,Permian Basin WDA,46,03/23/2020,04/13/2020,Kermit
03/23/2020,Take 5 Department 61,Dallas,Dallas County WDA,7,03/22/2020,04/09/2020,Dallas
03/23/2020,Take 5 Department 500,Parker,North Central Texas WDA,3,03/22/2020,04/10/2020,Aledo
03/23/2020,Rabalais I & E,Galveston,Gulf Coast WDA,110,03/23/2020,04/13/2020,Texas City
03/23/2020,US Steel Tubular - Lone Star Tubualr,Morris,North East Texas WDA,593,05/24/2020,04/13/2020,Lone Star
03/23/2020,OTG Management,Harris,Gulf Coast WDA,353,03/16/2020,04/13/2020,Houston
03/23/2020,Take 5 Department 501,Tarrant,Tarrant County WDA,4,03/22/2020,04/10/2020,Arlington
03/23/2020,Take 5 Department 206,Travis,Capital Area WDA,7,03/22/2020,04/09/2020,Pflugerville
03/23/2020,Take 5 Department 58,Dallas,Dallas County WDA,8,03/22/2020,04/09/2020,Dallas
03/23/2020,Hooters - Hwy 6 South,Fort Bend,Gulf Coast WDA,31,03/16/2020,04/14/2020,Houston
03/23/2020,Take 5 Department 183,Bexar,Alamo WDA,5,03/22/2020,04/13/2020,San Antonio
03/23/2020,Take 5 Department 62,Dallas,Dallas County WDA,6,03/22/2020,04/09/2020,Garland
03/23/2020,Take 5 Deaprtment 63,Dallas,Dallas County WDA,8,03/22/2020,04/09/2020,Dallas
03/23/2020,Take 5 Department 68,Dallas,Dallas County WDA,5,03/22/2020,04/09/2020,Richardson
03/23/2020,Take 5 Department 554,Harris,Gulf Coast WDA,6,03/22/2020,04/09/2020,Katy
03/23/2020,Take 5 Department 96,Tarrant,Tarrant County WDA,8,03/22/2020,04/09/2020,Fort Worth
03/23/2020,Chalk Montain Services of Texas LLC - Pleasanton,Atascosa,Alamo WDA,219,04/06/2020,04/13/2020,Pleasanton
03/23/2020,Take 5 Department 209,Hays,Rural Capital WDA,8,03/22/2020,04/09/2020,San Marcos
03/23/2020,Take 5 Department 212,Bell,Central Texas WDA,3,03/22/2020,04/09/2020,Temple
03/23/2020,Take 5 Department 276,Bell,Central Texas WDA,8,03/22/2020,04/10/2020,Killeen
03/23/2020,Take 5 Department 241,Travis,Capital Area WDA,5,03/22/2020,04/10/2020,Austin
03/23/2020,Take 5 Department 244,Travis,Capital Area WDA,7,03/22/2020,04/10/2020,Austin
03/23/2020,Take 5 Department 405,Bexar,Alamo WDA,4,03/22/2020,04/10/2020,San Antonio
03/23/2020,Take 5 Department 421,Collin,North Central Texas WDA,6,03/22/2020,04/10/2020,Plano
03/23/2020,Take 5 Department 79,Harris,Gulf Coast WDA,3,03/22/2020,04/09/2020,Spring
03/23/2020,Take 5 Department 550,Harris,Gulf Coast WDA,4,03/22/2020,04/09/2020,Houston
03/23/2020,Take 5 Department 598,Potter,Panhandle WDA,4,03/22/2020,04/10/2020,Amarillo
03/23/2020,Take 5 Department 513,Andrews,Permian Basin WDA,3,03/22/2020,04/10/2020,Andrews
03/23/2020,Take 5 Department 70,Denton,North Central Texas WDA,6,03/22/2020,04/10/2020,Plano
03/23/2020,Take 5 Department 504,Johnson,North Central Texas WDA,6,03/22/2020,04/10/2020,Burleson
03/23/2020,Take 5 Department 72,Bowie,North East Texas WDA,4,03/22/2020,04/13/2020,Texarkana
03/23/2020,Take 5 Department 208,Denton,North Central Texas WDA,4,03/22/2020,04/10/2020,Lewisville
03/23/2020,Take 5 Department 202,Hays,Rural Capital WDA,6,03/22/2020,04/10/2020,San Marcos
03/23/2020,Take 5 Department 596,Bexar,Alamo WDA,3,03/22/2020,04/10/2020,San Antonio
03/23/2020,Take 5 Department 201,Bexar,Alamo WDA,4,03/22/2020,04/13/2020,San Antonio
03/23/2020,Take 5 Department 69,Denton,North Central Texas WDA,4,03/22/2020,04/10/2020,Plano
03/23/2020,Take 5 Department 177,Bexar,Alamo WDA,5,03/22/2020,04/13/2020,San Antonio
03/23/2020,America's Auto Auction,Montgomery,Gulf Coast WDA,17,03/17/2020,04/13/2020,Conroe
03/23/2020,America's Auto Auction - Almeda-Genoa Rd,Fort Bend,Gulf Coast WDA,58,03/17/2020,04/13/2020,Houston
03/23/2020,America's Auton Auction - Almed-Genoa Rd.,Dallas,Dallas County WDA,10,03/17/2020,04/13/2020,Irving
03/23/2020,Take 5 Department 178,Bexar,Alamo WDA,2,03/22/2020,04/13/2020,San Antonio
03/23/2020,Take 5 Department 180,Bexar,Alamo WDA,5,03/22/2020,04/13/2020,San Antonio
03/23/2020,Take 5 Department 181,Bexar,Alamo WDA,10,03/22/2020,04/13/2020,San Antonio
03/23/2020,Take 5 Department 182,Bexar,Alamo WDA,5,03/22/2020,04/13/2020,San Antonio
03/23/2020,Take 5 Department 200,Comal,Alamo WDA,4,03/22/2020,04/13/2020,Spring Branch
03/23/2020,Take 5 Department 519,Ector,Permian Basin WDA,9,03/22/2020,04/10/2020,Odessa
03/23/2020,Take 5 Department 514,Howard,Permian Basin WDA,4,03/22/2020,04/10/2020,Big Spring
03/23/2020,Take 5 Department 515,Midland,Permian Basin WDA,5,03/22/2020,04/10/2020,Midland
03/23/2020,Take 5 Department 516,Midland,Permian Basin WDA,7,03/22/2020,04/10/2020,Midland
03/23/2020,Take 5 Department 517,Midland,Permian Basin WDA,6,03/22/2020,04/10/2020,Midland
03/23/2020,Take 5 Department 518,Ector,Permian Basin WDA,5,03/22/2020,04/10/2020,Odessa
03/23/2020,Take 5 Department 59,Dallas,Dallas County WDA,5,03/22/2020,04/10/2020,Dallas
03/23/2020,Take 5 Department 520,Randall,Panhandle WDA,5,03/22/2020,04/10/2020,Canyon
03/23/2020,Take 5 Department 521,Deaf Smith,Panhandle WDA,4,03/22/2020,04/10/2020,Hereford
03/23/2020,Take 5 Department 522,Lubbock,South Plains WDA,6,03/22/2020,04/10/2020,Lubbock
03/23/2020,Take 5 Department 523,Hale,South Plains WDA,4,03/22/2020,04/10/2020,Plainview
03/23/2020,Take 5 Department 524,Taylor,West Central WDA,6,03/22/2020,04/10/2020,Abilene
03/23/2020,Take 5 Department 525,Lubbock,South Plains WDA,3,03/22/2020,04/10/2020,Lubbock
03/23/2020,Take 5 Department 526,Lubbock,South Plains WDA,4,03/22/2020,04/10/2020,Lubbock
03/23/2020,Take 5 Department 529,Lubbock,South Plains WDA,4,03/22/2020,04/10/2020,Lubbock
03/23/2020,Take 5 Department 552,Harris,Gulf Coast WDA,6,03/22/2020,04/09/2020,Baytown
03/22/2020,Vacation Publications dba Vacations To,Harris,Gulf Coast WDA,325,03/06/2020,03/25/2020,Houston
03/22/2020,CBC Restaurant Corp. dba Corner Bakery Café,Dallas,Dallas County WDA,67,03/29/2020,04/01/2020,Dallas
03/21/2020,Wyndham San Antonio Riverwalk,Bexar,Alamo WDA,141,03/23/2020,03/25/2020,San Antonio
03/21/2020,Embassy Suites-San Antonio,Bexar,Alamo WDA,41,03/23/2020,03/25/2020,San Antonio
03/21/2020,Marriott Dallas Addison Quorum by the Galleria,Dallas,Dallas County WDA,79,03/23/2020,03/25/2020,Dallas
03/21/2020,Marriott Odessa Hotel,Ector,Permian Basin WDA,127,03/24/2020,03/25/2020,Odessa
03/21/2020,Austin Hotel and Residences,Travis,Capital Area WDA,210,03/23/2020,03/25/2020,Austin
03/20/2020,Warwick Melrose Hotel,Dallas,Dallas County WDA,113,03/22/2020,03/25/2020,Dallas
03/20/2020,Sheraton Ft. Worth,Tarrant,Tarrant County WDA,164,03/20/2020,03/25/2020,Ft. Worth
03/20/2020,Virgin Hotels Dallas,Dallas,Dallas County WDA,199,03/20/2020,03/20/2020,Dallas
03/20/2020,FTS International Services-Odessa,Ector,Permian Basin WDA,207,03/20/2020,03/20/2020,Odessa
03/20/2020,Sydell Hotels LLC,Travis,Capital Area WDA,181,03/16/2020,03/20/2020,Austin
03/20/2020,Hilton Lincoln Center,Dallas,Dallas County WDA,97,03/25/2020,03/25/2020,Dallas
03/20/2020,Tapatio Springs Resort,Kendall,Alamo WDA,58,03/23/2020,03/25/2020,Boerne
03/20/2020,Sport Clips,Williamson,Rural Capital WDA,66,03/23/2020,03/25/2020,Georgetown
03/20/2020,Benchmark Hospitality of Corpus Christi,Nueces,Coastal Bend WDA,115,03/21/2020,03/25/2020,Corpus Ch
03/20/2020,SA Burger,Hays,Rural Capital WDA,5,03/20/2020,03/25/2020,San Marcos
03/20/2020,Rio Plaza,Bexar,Alamo WDA,3,03/20/2020,03/25/2020,San Antonio
03/20/2020,Mule Restaurant Group,Bexar,Alamo WDA,147,03/20/2020,03/25/2020,San Antonio
03/20/2020,Four Seasons Hotel-Austin,Travis,Capital Area WDA,369,03/23/2020,03/30/2020,Austin
03/20/2020,Hilton-Arlington,Tarrant,Tarrant County WDA,83,03/20/2020,04/13/2020,Arlington
03/19/2020,Marriott Austin South,Travis,Capital Area WDA,69,03/20/2020,03/19/2020,Austin
03/19/2020,El Fenix,Dallas,Dallas County WDA,70,03/16/2020,03/25/2020,Dallas
03/19/2020,Apache Corp.-Midland,Midland,Permian Basin WDA,85,03/18/2020,03/19/2020,Midland
03/19/2020,Punch Bowl Social,Dallas,Dallas County WDA,93,03/16/2020,03/19/2020,Dallas
03/19/2020,Punch Bowl Social-Domain,Travis,Capital Area WDA,92,03/16/2020,03/19/2020,Austin
03/19/2020,Tenaris-IPSCO Koppel Tubulars,Harris,Gulf Coast WDA,223,04/17/2020,03/19/2020,Baytown
03/19/2020,Texas Central School Bus,Tarrant,Tarrant County WDA,309,03/17/2020,03/19/2020,Keller
03/19/2020,Sheraton Suites Market Center,Dallas,Dallas County WDA,56,03/23/2020,03/25/2020,Dallas
03/19/2020,Punch Bowl Social-Congress,Travis,Capital Area WDA,130,03/16/2020,03/19/2020,Austin
03/19/2020,FTS International Services-Pleasnton,Atascosa,Alamo WDA,207,03/19/2020,03/19/2020,Pleasanton
03/19/2020,Uncle Julio's-Dallas,Dallas,Dallas County WDA,82,03/19/2020,04/15/2020,Dallas
03/18/2020,Haliburton Energy Services-N. Sam Houston,Harris,Gulf Coast WDA,3500,03/23/2020,03/18/2020,Houston
03/17/2020,FTS International Services,Tarrant,Tarrant County WDA,35,03/17/2020,03/17/2020,Ft. Worth
03/17/2020,Four Seasons Resort,Dallas,Dallas County WDA,100,03/17/2020,03/17/2020,Irving
03/17/2020,Ra Sushi Addison Corp,Dallas,Dallas County WDA,36,03/07/2020,04/08/2020,Addison
03/16/2020,Schulte Companies-NE Loop 410,Bexar,Alamo WDA,27,03/16/2020,04/08/2020,San Antonio
03/16/2020,Alamo Drafthouse-Katy,Fort Bend,Gulf Coast WDA,121,03/16/2020,04/14/2020,Katy
03/16/2020,Alamo Drafthouse-Lubbock,Lubbock,South Plains WDA,121,03/16/2020,03/31/2020,Lubbock
03/16/2020,Pappadeaux Seafood Kitchen 04,Harris,Gulf Coast WDA,100,,04/13/2020,Houston
03/16/2020,Aramark Educational Services of TX,Bexar,Alamo WDA,420,03/16/2020,04/07/2020,San Antonio
03/16/2020,Alamo Drafthouse - El Paso,El Paso,Borderplexjobs WDA,116,03/16/2020,03/30/2020,El Paso
03/13/2020,"Hohmann & Barnard, Inc.",Tarrant,Tarrant County WDA,13,06/26/2020,03/13/2020,Fort Worth
03/13/2020,M&M Manufacturing,Tarrant,Tarrant County WDA,43,05/15/2020,03/13/2020,Fort Worth
03/10/2020,SXSW,Travis,Capital Area WDA,60,03/06/2020,03/10/2020,Austin
03/09/2020,"Cargo Leasing Services, LLC",Bexar,Alamo WDA,60,05/08/2020,03/09/2020,San Antonio
03/06/2020,"Aryzta, LLC",Travis,Capital Area WDA,95,03/06/2020,03/06/2020,Austin
03/03/2020,USAA - San Antonio,Bexar,Alamo WDA,26,05/04/2020,03/04/2020,San Antonio
02/28/2020,"NortonLifeLock, Inc.",Collin,North Central Texas WDA,2,04/20/2020,03/05/2020,Plano
02/26/2020,Windhaven Insurance-Dallas,Dallas,Dallas County WDA,96,02/28/2020,02/26/2020,Dallas
02/25/2020,TPC Group's,Jefferson,South East Texas WDA,100,04/30/2020,02/27/2020,Port Neches
02/25/2020,Bellaire Medical Center-Cornerstone Specialty Hospitals,Harris,Gulf Coast WDA,126,04/25/2020,02/25/2020,Houston
02/25/2020,King's Manor Methodist Retirement System-Westgate Nursing Home,Deaf Smith,Panhandle WDA,70,04/27/2020,02/25/2020,Hereford
02/25/2020,Windhaven Insurance-Austin,Travis,Capital Area WDA,35,02/28/2020,02/26/2020,Austin
02/21/2020,Blue Apron- Arlington,Tarrant,Tarrant County WDA,254,04/20/2020,02/21/2020,Arlington
02/19/2020,AmerisourceBergen-PharMedium Healthcare,Fort Bend,Gulf Coast WDA,365,04/20/2020,02/19/2020,Sugar Land
02/18/2020,"Alta Mesa Services, LP",Harris,Gulf Coast WDA,91,02/18/2020,02/18/2020,Houston
02/12/2020,Railcrew Xpress-RCX Logistics-Austin,Travis,Capital Area WDA,88,04/12/2020,02/12/2020,Austin
02/12/2020,XPO Logistics-Ft Worth,Denton,North Central Texas WDA,304,04/12/2020,02/12/2020,Ft. Worth
02/12/2020,Railcrew Express-RCX Logistics,Harris,Gulf Coast WDA,110,04/12/2020,02/12/2020,Houston
02/05/2020,Watson Grinding and Manufacturing,Harris,Gulf Coast WDA,88,01/24/2020,02/05/2020,Houston
02/04/2020,Transform SR LLC #01377-and #06222 Formally Sears,Harris,Gulf Coast WDA,77,04/12/2020,02/21/2020,Houston
02/03/2020,Waitr and Bite Squad,Jefferson,South East Texas WDA,219,04/06/2020,02/04/2020,Beaumont
01/31/2020,TTEC - Ennis,Ellis,North Central Texas WDA,50,03/28/2020,02/03/2020,Ennis
01/31/2020,Gulf Stream Marine - Industrial Terminal Facility,Harris,Gulf Coast WDA,210,03/31/2020,02/03/2020,Houston
01/30/2020,Coca Cola-Southwest Beverages-Nacogdoches,Nacogdoches,Deep East Texas WDA,74,04/03/2020,01/31/2020,Nacogdoches
01/29/2020,"Sheridan Production Company, LLC",Andrews,Permian Basin WDA,116,03/31/2020,01/29/2020,Andrews
01/28/2020,At Home with Shanel,Collin,North Central Texas WDA,1,02/28/2020,01/28/2020,Plano
01/27/2020,Sheridan Production Co.-Houston,Harris,Gulf Coast WDA,130,03/31/2020,02/07/2020,Houston
01/21/2020,Concentrix CVG CORP,Gregg,East Texas WDA,127,03/27/2020,01/28/2020,Longview
01/15/2020,Comcast-Technician Logistics Center,Harris,Gulf Coast WDA,58,04/17/2020,01/24/2020,Houston
01/15/2020,Belk-Dallas Galleria,Dallas,Dallas County WDA,68,03/21/2020,01/15/2020,Dallas
01/15/2020,Kindred Hospital Spring,Harris,Gulf Coast WDA,160,03/17/2020,01/15/2020,Houston
01/15/2020,Kindred Hospital-Ft. Worth,Tarrant,Tarrant County WDA,180,03/15/2020,01/15/2020,Ft. Worth
01/15/2020,Kindred Hospital-Dallas,Dallas,Dallas County WDA,201,03/15/2020,01/15/2020,Dallas
01/13/2020,Fluor - Glen Rose,Somervell,North Central Texas WDA,70,01/30/2020,01/13/2020,Glen Rose
01/08/2020,Kindred Hospital-Bay Area,Harris,Gulf Coast WDA,137,03/08/2020,01/08/2020,Pasadena
01/08/2020,Kindred Hospital-Tomball,Harris,Gulf Coast WDA,147,03/08/2020,01/08/2020,Tomball
01/08/2020,Triumph Hospital - The Heights,Harris,Gulf Coast WDA,138,03/08/2020,01/08/2020,Houston
01/06/2020,Apache Corp-San Antonio,Bexar,Alamo WDA,272,03/06/2020,01/06/2020,San Antonio
01/06/2020,"Valerus Field Solutions, LP",Austin,Gulf Coast WDA,250,03/07/2020,01/07/2020,Sealy
01/03/2020,"Fleetwood Transportation Services, Inc.& Fleetwood Logistics",Angelina,Deep East Texas WDA,49,12/31/2019,01/03/2020,Burke
12/30/2019,Ambit Energy - Call Center & Sales Support Office,Collin,North Central Texas WDA,50,02/14/2020,12/30/2019,Plano
12/23/2019,"NortonLifeLock, Inc.",Collin,North Central Texas WDA,8,02/13/2020,12/23/2019,Plano
12/20/2019,"Event Solutions International, Inc. dba Motus One (ESI)",Dallas,None,18,12/20/2019,12/20/2019,Carrollton
12/19/2019,Car2go,Travis,Capital Area WDA,47,03/06/2020,12/19/2019,Austin
12/18/2019,Yauatcha Houston,Harris,Gulf Coast WDA,80,02/16/2020,12/18/2019,Houston
12/13/2019,Stewart and Stevenson,Harris,Gulf Coast WDA,55,02/12/2020,12/13/2019,Houston
12/10/2019,Pumpco Energy Services-Cleburne,Johnson,North Central Texas WDA,5,12/31/2019,12/10/2019,Cleburne
11/26/2019,New LifeCare Management Services dba LifeCare Health Partners,Collin,North Central Texas WDA,9,11/26/2019,11/26/2019,Plano
11/22/2019,National Oilwell Varco -Galena Park,Harris,Gulf Coast WDA,85,11/22/2019,11/22/2019,Galena Park
11/22/2019,Pumpco Energy Services-Odessa,Ector,Permian Basin WDA,112,11/25/2019,11/22/2019,Odessa
11/19/2019,"NortonLifeLock, Inc.",Collin,North Central Texas WDA,34,01/17/2020,11/21/2019,Plano
11/20/2019,Nuvectra Corporation,Collin,North Central Texas WDA,14,01/19/2020,11/20/2019,Plano
11/19/2019,"TimkenSteel Material Services, LLC",Harris,Gulf Coast WDA,94,01/18/2020,11/19/2019,Houston
11/14/2019,"Range Production Company, LLC.",Harris,Gulf Coast WDA,57,11/12/2019,11/14/2019,Houston
11/07/2019,"Convergent Outsourcing, Inc.",Bexar,Alamo WDA,40,09/17/2019,11/12/2019,San Antonio
11/06/2019,Nix Hospital-Nix Behavioral Health Center,Bexar,Alamo WDA,972,01/04/2020,11/06/2019,San Antonio
11/06/2019,Geo Secure Services LLC,Bexar,Alamo WDA,158,01/06/2020,10/31/2019,San Antonio
10/29/2019,Oakwood Worldwide,Dallas,Dallas County WDA,1,12/30/2019,10/29/2019,Carrollton
10/29/2019,Samsung Austin Semiconductors LLC-Central Processing Unit,Travis,Alamo WDA,290,12/31/2019,10/29/2019,Austin
10/23/2019,Harte-Hanks,Travis,Capital Area WDA,146,12/22/2019,10/24/2019,Austin
10/23/2019,Cudd Energy Services,Bexar,Alamo WDA,117,12/22/2019,10/23/2019,San Antonio
10/21/2019,Vesuvius USA-Tyler,Smith,East Texas WDA,9,12/31/2019,10/24/2019,Tyler
10/18/2019,"Arconic, Inc.",Bexar,Alamo WDA,67,12/20/2019,10/18/2019,Elmendorf
10/17/2019,"Ultrafryer Systems, LLC",Bexar,Alamo WDA,70,12/28/2019,10/17/2019,San Antonio
10/17/2019,"Arconic, Inc.",Bexar,Alamo WDA,67,12/20/2019,10/17/2019,Elmendorf
10/15/2019,HRP Brownsville LLC dba Steel Coast,Cameron,Cameron County WDA,100,12/15/2019,10/15/2019,Brownsville
10/11/2019,Hotel Valencia Corp.-Hotel Sorella,Harris,Gulf Coast WDA,121,12/11/2019,10/11/2019,Houston
10/04/2019,Letter Ride-Howard Ln.,Travis,Capital Area WDA,91,12/07/2019,10/04/2019,Austin
10/04/2019,Letter Ride-W. Fuqua,Harris,Gulf Coast WDA,87,12/07/2019,10/04/2019,Houston
10/04/2019,Letter Ride-N. Stemmons,Dallas,Dallas County WDA,64,12/04/2019,10/04/2019,Farmers Branch
10/04/2019,Letter Ride-Gold Spike Dr.,Tarrant,Tarrant County WDA,71,12/07/2019,10/04/2019,Ft. Worth
10/04/2019,Letter Ride-Evergreen Oak,Montgomery,Gulf Coast WDA,12,12/07/2019,10/04/2019,Conroe
10/04/2019,Letter Ride-North Gessner,Harris,Gulf Coast WDA,98,12/07/2019,10/04/2019,Houston
10/04/2019,Nix Specialty Health-Behavioral Facility,Bexar,Alamo WDA,156,12/02/2019,10/04/2019,San Antonio
10/01/2019,Inpax Final Mile Delivery-Farmers Branch,Dallas,Dallas County WDA,109,10/02/2019,10/03/2019,Farmers Branch
10/01/2019,Inpax Final Mile Delivery-Garland,Dallas,Dallas County WDA,119,10/02/2019,10/01/2019,Garland
09/30/2019,Walmart #3506,Harris,Gulf Coast WDA,80,12/06/2019,10/01/2019,Cypress
09/27/2019,Dry Van Business dba Rich Logistics-Dallas,Dallas,Dallas County WDA,98,11/29/2019,09/30/2019,Dallas
09/27/2019,Dry Van Business dba Rich Logistics-Laredo,Webb,South Texas WDA,111,11/29/2019,09/30/2019,Laredo
09/26/2019,Stevens Tanker Division,Dallas,Dallas County WDA,71,10/15/2019,09/27/2019,Dallas
09/26/2019,Nobilis Health Corp.-Sugarland,Fort Bend,Gulf Coast WDA,36,09/13/2019,09/26/2019,Sugar Land
09/26/2019,Finisar Corporation,Collin,North Central Texas WDA,104,11/01/2019,09/26/2019,Allen
09/25/2019,New LifeCare Management Services dba LifeCare Health Partners,Collin,North Central Texas WDA,33,11/29/2019,09/27/2019,Plano
09/20/2019,Nobilis Health Corp.,Harris,Gulf Coast WDA,9,09/13/2019,09/20/2019,Houston
09/16/2019,Nestle USA-Supply Chain Frozen DSD,Harris,Gulf Coast WDA,51,11/15/2019,09/16/2019,Houston
09/12/2019,State Street Financial Services-Alterra Pkwy,Travis,Capital Area WDA,51,11/13/2019,09/12/2019,Austin
09/12/2019,"State Street Financial Services, Inc",Travis,Capital Area WDA,9,11/13/2019,09/12/2019,Austin
09/10/2019,Concentrix CVG CORP,Gregg,East Texas WDA,177,11/15/2019,09/10/2019,Longview
09/05/2019,"O-I (Owens-Illinois, Inc./Owens-Brockway Glass Container, Inc.)",McLennan,Heart of Texas WDA,81,11/07/2019,09/06/2019,Waco
09/03/2019,El Rio Grande Facility,Dallas,Dallas County WDA,116,09/30/2019,09/05/2019,Garland
08/30/2019,New LifeCare Management Services dba LifeCare Health Partners,Collin,North Central Texas WDA,13,08/30/2019,09/05/2019,Plano
08/27/2019,AECON-Flint Energy Services-Pecos,Reeves,Permian Basin WDA,50,10/28/2019,08/27/2019,Pecos
08/27/2019,AECOM-Flint Energy Services-Odessa,Ector,Permian Basin WDA,77,10/28/2019,08/27/2019,Odessa
08/23/2019,Nix Home Care Facility,Bexar,Alamo WDA,585,10/21/2019,08/26/2019,San Antonio
08/21/2019,"Epic Companies, LLC",Harris,Gulf Coast WDA,8,11/21/2019,08/26/2019,Houston
08/21/2019,United Structures of America,Harris,Gulf Coast WDA,73,09/30/2019,08/21/2019,Houston
08/16/2019,Welocalize,Harris,Gulf Coast WDA,100,08/16/2019,08/16/2019,Houston
08/16/2019,Teleperformance USA-Dallas,Dallas,Dallas County WDA,44,11/01/2019,08/16/2019,Dallas
08/14/2019,"SpiceWorks, Inc.",Travis,Capital Area WDA,59,08/14/2019,08/16/2019,Austin
08/09/2019,Centrica,Harris,Gulf Coast WDA,23,10/07/2019,08/09/2019,Houston
08/08/2019,UPS General Services Co.,Dallas,Dallas County WDA,64,10/01/2019,08/08/2019,Coppell
07/30/2019,"MV Transportation, Inc-Dallas",Dallas,Dallas County WDA,129,09/30/2019,07/31/2019,Dallas
07/30/2019,Southwest Key Programs-Conroe,Montgomery,Gulf Coast WDA,197,07/30/2019,07/30/2019,Conroe
07/30/2019,Anjinomoto Foods - Fort Worth Facility,Tarrant,Tarrant County WDA,117,03/01/2020,07/30/2019,Fort Worth
07/29/2019,"True Health Diagnostics, LLC",Denton,North Central Texas WDA,16,07/29/2019,07/30/2019,Frisco
07/24/2019,Siemens Energy Inc-Houston Service Center,Harris,Gulf Coast WDA,10,09/20/2019,07/24/2019,Houston
07/22/2019,Centrica,Harris,Gulf Coast WDA,54,08/30/2019,07/22/2019,Houston
07/22/2019,Boeing - El Paso,El Paso,Borderplexjobs WDA,2,09/20/2019,07/22/2019,El Paso
07/22/2019,FutureWei-Plano Facility,Collin,North Central Texas WDA,38,09/23/2019,07/22/2019,Plano
07/09/2019,Tramontina USA,Fort Bend,Gulf Coast WDA,108,09/01/2019,07/09/2019,Sugar Land
07/02/2019,BGIS-San Antonio Data Center,Bexar,Alamo WDA,45,08/31/2019,07/02/2019,San Antonio
06/27/2019,Aramark-University of Houston,Harris,Gulf Coast WDA,115,08/29/2019,06/27/2019,Houston
06/25/2019,Sodexo-Northwest Texas Hospital,Potter,Panhandle WDA,95,09/21/2019,06/25/2019,Amarillo
06/21/2019,Albertsons #3933,El Paso,Borderplexjobs WDA,90,08/03/2019,06/21/2019,El Paso
06/14/2019,Siemens Energy Inc-Houston Service Center,Harris,Gulf Coast WDA,14,08/16/2019,06/21/2019,Houston
06/10/2019,Syngenta Crop Protection LLC-GBB Facility,Harris,Gulf Coast WDA,135,08/12/2019,06/10/2019,Houston
06/04/2019,"Aprima Medical Software, Inc. an eMD's Co.",Dallas,Dallas County WDA,19,07/30/2019,06/04/2019,Richardson
05/31/2019,Hard Rock Café International,Dallas,Dallas County WDA,27,07/31/2019,05/31/2019,Dallas
05/24/2019,Holiday Inn-San Antonio,Bexar,Alamo WDA,61,05/25/2019,05/28/2019,San Antonio
05/20/2019,Pine Creek Medical Center,Dallas,Dallas County WDA,113,05/02/2019,05/20/2019,Dallas
05/13/2019,"United Airlines, Inc.-Passanger Revenue Accounting",Harris,Gulf Coast WDA,100,07/15/2019,05/16/2019,Houston
05/13/2019,"Dolce International Fort Worth, Inc.-American Airlines Training Ctr.",Tarrant,Tarrant County WDA,56,05/13/2019,05/13/2019,Ft. Worth
05/08/2019,Product & Logistics-Monahans,Ward,Permian Basin WDA,124,07/06/2019,05/08/2019,Monahans
05/01/2019,Mitratech Holdings,Travis,Capital Area WDA,83,07/01/2019,05/01/2019,Austin
04/30/2019,Falcon Transport Co.-Cedar Hill,Dallas,Tarrant County WDA,12,05/27/2019,04/30/2019,Cedar Hill
04/30/2019,Falcon Transport Co.,Dallas,Tarrant County WDA,19,04/27/2019,04/30/2019,Hutchins
04/29/2019,"Wise Foods, Inc.",Tarrant,Tarrant County WDA,80,06/28/2019,04/30/2019,Ft. Worth
04/25/2019,United Services Automobile Association (USAA),Bexar,Alamo WDA,53,06/24/2019,04/26/2019,San Antonio
04/24/2019,Boeing - El Paso,El Paso,Borderplexjobs WDA,2,06/21/2019,04/24/2019,El Paso
04/24/2019,"P3I, Inc.",Bexar,Alamo WDA,85,05/17/2019,04/24/2019,Lackland AFB
04/23/2019,First Transit-Transit Management of Denton Co.,Denton,North Central Texas WDA,160,06/03/2019,04/23/2019,Denton
04/18/2019,Vesuvius USA-Tyler,Smith,East Texas WDA,9,06/23/2019,04/24/2019,Tyler
04/09/2019,"Alta Mesa Services, LP",Harris,Gulf Coast WDA,13,04/09/2019,04/09/2019,Houston
04/08/2019,Volt Management Corp.,Bexar,Alamo WDA,42,06/07/2019,04/08/2019,San Antonio
04/08/2019,Kohler Co.,Brown,West Central WDA,223,06/10/2019,04/08/2019,Brownwood
04/05/2019,Aramark-American Airlines,Tarrant,Tarrant County WDA,70,06/19/2019,04/05/2019,Ft. Worth
04/05/2019,Aramark-Highway 360,Tarrant,Tarrant County WDA,12,06/19/2019,04/05/2019,Ft. Worth
04/05/2019,Aramark-American Blvd,Tarrant,Tarrant County WDA,6,06/19/2019,04/05/2019,Ft. Worth
04/05/2019,Aramark-Airport Frwy,Tarrant,Tarrant County WDA,10,06/19/2019,04/05/2019,Ft. Worth
04/05/2019,Aramark-John Carpenter Fwy,Tarrant,Tarrant County WDA,3,06/19/2019,04/05/2019,Ft. Worth
04/05/2019,Aramark-Amon Carter Blvd,Tarrant,Tarrant County WDA,19,06/19/2019,04/05/2019,Ft. Worth
04/04/2019,La Torretta Lake Resort,Montgomery,Gulf Coast WDA,241,06/04/2019,04/04/2019,Montgomery
04/04/2019,Sitel-Amarillo,Potter,Panhandle WDA,327,06/28/2019,04/04/2019,Amarillo
04/03/2019,Walmart #949,Dallas,Dallas County WDA,415,06/07/2019,04/03/2019,Dallas
04/02/2019,Ware Industries dba Marino Ware-Norbet Trucking,Harris,Gulf Coast WDA,69,06/03/2019,04/02/2019,Pasadena
04/01/2019,Signet Jewelers-Rombaur Rd.,Dallas,Dallas County WDA,58,05/31/2019,04/01/2019,Dallas
03/29/2019,Yodle.com- Yodle Web.com,Travis,Capital Area WDA,10,06/01/2019,03/29/2019,Austin
03/29/2019,"Legacy Measurement Solutions, Inc.",Smith,East Texas WDA,59,03/28/2019,03/29/2019,Tyler
03/28/2019,Hart-Hanks-Texarkana,Bowie,North East Texas WDA,73,05/31/2019,03/28/2019,Texarkana
03/28/2019,"Teleperformance USA-FHCS, Inc.",Dallas,Dallas County WDA,390,05/31/2019,03/29/2019,Dallas
03/26/2019,Avella Specialty Pharmacy,Harris,Gulf Coast WDA,161,03/01/2019,03/26/2019,Houston
03/26/2019,Avella Specialty Pharmacy-Bissonet,Harris,Gulf Coast WDA,1,03/01/2019,03/26/2019,Houston
03/25/2019,Signet Jewelers-Dallas,Dallas,Dallas County WDA,122,05/24/2019,03/25/2019,Dallas
03/18/2019,Cypress Fairbanks Medical Center,Harris,Gulf Coast WDA,586,05/17/2019,03/22/2019,Houston
03/18/2019,JP Morgan Chase & Co-Consumer Banking & Card,Tarrant,Tarrant County WDA,368,03/14/2019,03/18/2019,Arlington
03/07/2019,"Verizon Connect, Inc.",Travis,Capital Area WDA,133,04/23/2019,03/08/2019,Austin
03/07/2019,"Aprima Medical Software, Inc. an eMD's Co.",Dallas,Dallas County WDA,149,05/04/2019,03/07/2019,Richardson
03/07/2019,General Inoformation Services dba HireRight,Dallas,Dallas County WDA,76,05/31/2019,03/07/2019,Dallas
03/05/2019,CHI St. Joseph Health- Bellville Hospital,Austin,Gulf Coast WDA,45,05/07/2019,03/05/2019,Bellville
03/04/2019,Monogram Foods-Monogram Pet Treats,Fayette,Rural Capital WDA,65,03/04/2019,03/04/2019,Schulenburg
03/04/2019,Magni-Fab,Grayson,Texoma WDA,24,04/30/2019,03/04/2019,Howe
03/01/2019,"Natera, Inc.",Travis,Capital Area WDA,92,04/17/2019,03/01/2019,Austin
03/01/2019,Magni-Fab Southwest,Grayson,Texoma WDA,5,04/30/2019,03/04/2019,Howe
02/27/2019,Petroleum Service Corp.,Chambers,Gulf Coast WDA,151,05/05/2019,02/27/2019,Mont Belvieu
02/25/2019,Post Acute Specialty Hospital-PAM Sepcialty Hosptial,Nueces,Coastal Bend WDA,65,04/20/2019,02/25/2019,Corpus Ch
02/25/2019,"AmerisourceBergen-H.D. Smith, LLC",Denton,North Central Texas WDA,17,04/26/2019,02/25/2019,Flower Mound
02/25/2019,Payless Shoesource-Dallas Corp. Office,Dallas,Dallas County WDA,75,02/19/2019,02/25/2019,Dallas
02/18/2019,Encana Service Company,Montgomery,Gulf Coast WDA,274,05/31/2019,02/22/2019,The Woodlands
02/13/2019,Rosenberger N.A.,Collin,North Central Texas WDA,74,04/15/2019,02/13/2019,Plano
02/13/2019,Spectrum Pharmaceuticals,Tarrant,Tarrant County WDA,1,03/15/2019,02/22/2019,Colleyville
02/11/2019,VF Jeanswear - El Paso5,El Paso,Borderplexjobs WDA,25,04/13/2019,02/11/2019,El Paso
02/11/2019,Post Acute Specialty Hospital of Corpus Christi,Nueces,Coastal Bend WDA,162,04/11/2019,02/11/2019,Corpus Ch
02/08/2019,"Alta Mesa Services, LP",Harris,Gulf Coast WDA,58,02/05/2019,02/08/2019,Houston
02/06/2019,"KCI USA, Inc.",Bexar,Alamo WDA,210,07/05/2019,02/22/2019,San Antonio
02/04/2019,"Penske Logistics, LLC - Midland",Midland,Permian Basin WDA,65,02/04/2019,02/08/2019,Midland
02/01/2019,Yodle.com- Yodle Web.com,Travis,Capital Area WDA,155,02/01/2019,02/08/2019,Austin
01/31/2019,Children's Health System of Texas,Dallas,Dallas County WDA,93,04/01/2019,01/31/2019,Dallas
01/31/2019,Blue Apron- Arlington,Tarrant,Tarrant County WDA,206,04/01/2019,01/31/2019,Arlington
01/31/2019,Kimberly Clark-Holeman Distribution,Lamar,North East Texas WDA,126,03/31/2019,01/31/2019,Paris
01/29/2019,Boeing Company,Harris,Gulf Coast WDA,6,03/22/2019,01/29/2019,Houston
01/18/2019,Sears Fashion Distribution Center2,Dallas,Dallas County WDA,84,03/22/2019,01/18/2019,Garland
01/18/2019,"Sodexo, Inc.-AA Admirals Club",Tarrant,Tarrant County WDA,98,03/31/2019,01/18/2019,DFW Airport
01/15/2019,AllianceOne Receivables Management,Dallas,Dallas County WDA,236,03/30/2019,01/15/2019,Dallas
01/11/2019,Kohl's-Dallas,Dallas,Dallas County WDA,330,03/11/2019,01/11/2019,Dallas
01/10/2019,Chariot Transit Inc.,Travis,Capital Area WDA,79,03/15/2019,01/18/2019,Austin
01/09/2019,R1 RCM Inc.,Travis,Capital Area WDA,65,04/12/2019,01/09/2019,Austin
01/07/2019,Pier 1 Imports-Mansfield,Tarrant,Tarrant County WDA,65,03/08/2019,01/08/2019,Mansfield
01/04/2019,Nestle USA,Tarrant,Tarrant County WDA,42,03/08/2019,01/04/2019,Fort Worth
01/15/2019,AllianceOne Receivables Management,Dallas,Dallas County WDA,236,03/30/2019,01/15/2019,Dallas
01/11/2019,Kohl's-Dallas,Dallas,Dallas County WDA,330,03/11/2019,01/11/2019,Dallas
01/09/2019,R1 RCM Inc.,Travis,Capital Area WDA,65,04/12/2019,01/09/2019,Austin
01/07/2019,Pier 1 Imports-Mansfield,Tarrant,Tarrant County WDA,65,03/08/2019,01/08/2019,Mansfield
01/04/2019,Nestle USA,Tarrant,Tarrant County WDA,42,03/08/2019,01/04/2019,Fort Worth
02/15/2022,"Cognosante, LLC",Hidalgo,Lower Rio Grande Valley WDA,84,04/18/2022,02/15/2022,McAllen
01/24/2022,Dynamic Foods,Lubbock,South Plains WDA,80,01/11/2022,01/24/2022,Lubbock
03/15/2022,"ABM Industries Groups, LLC - Houston 1",Harris,Gulf Coast WDA,31,03/31/2022,04/06/2022,Houston
03/15/2022,"ABM Industries Groups, LLC - Houston 2",Harris,Gulf Coast WDA,26,03/31/2022,04/06/2022,Houston
03/15/2022,"ABM Industries Groups, LLC - Fulbright Tower",Harris,Gulf Coast WDA,18,03/31/2022,04/06/2022,Houston
03/15/2022,"ABM Industries Groups, LLC - Houston 4",Harris,Gulf Coast WDA,19,03/31/2022,04/06/2022,Houston
03/28/2022,Devereux Advanced Behavioral Health,Victoria,Golden Crescent WDA,122,05/31/2022,04/01/2022,Victoria
03/08/2022,"Master Brand Home Products, LLC",Hidalgo,Lower Rio Grande Valley WDA,109,05/06/2022,03/15/2022,Weslaco
03/07/2022,Sev1Tech,Bell,Central Texas WDA,62,03/07/2022,03/22/2022,Fort Hood
03/01/2022,Management & Training Corp. - MTC Medical LLC  (Giles W. Dalby Correctional Facility),Garza,South Plains WDA,206,05/01/2022,03/01/2022,Post
04/27/2022,"Michaels Stores Procurement Company, Inc.",Tarrant,Tarrant County WDA,202,06/24/2022,05/03/2022,Fort Worth
06/06/2022,"Schenker, Inc. - Kraft",Tarrant,Tarrant County WDA,45,06/26/2022,06/08/2022,Fort Worth
06/06/2022,"Schenker, Inc. - Kraft, 1006 Railhead",Tarrant,Tarrant County WDA,85,06/26/2022,06/08/2022,Fort Worth
05/12/2022,Dillard's - Wichita Falls,Wichita,North Texas WDA,81,07/14/2022,05/12/2022,Wichita Falls
07/01/2022,General Information Services dba HireRight,Dallas,Dallas County WDA,36,09/01/2022,07/01/2022,Dallas
06/30/2022,KeHe Distributors Inc.-Flower Mound,Denton,North Central Texas WDA,313,08/13/2022,06/30/2022,Flower Mound
06/28/2022,ABM@Avis DFW,Dallas,Dallas County WDA,143,08/01/2022,06/29/2022,Irving
06/24/2022,First Guaranty Mortgage Corp.,Collin,North Central Texas WDA,428,06/24/2022,06/27/2022,Plano
06/23/2022,The Coleman Company-Newell Brand,Comal,Alamo WDA,47,08/21/2022,06/27/2022,New Braunfels
06/17/2022,Zillow Group,Dallas,Dallas County WDA,32,01/03/2022,06/27/2022,Coppell
09/09/2022,"S&B Fabrication Services,Ltd.",Chambers,Gulf Coast WDA,53,09/07/2022,09/09/2022,Baytown
08/31/2022,Home Point Financial Corporation,Collin,North Central Texas WDA,526,11/01/2022,08/31/2022,Dallas
08/29/2022,ASARCO Amarillo Refinery,Potter,Panhandle WDA,57,10/28/2022,08/29/2022,Amarillo
08/25/2022,"Merit Medical Systems, Inc.",Harris,Gulf Coast WDA,117,10/25/2022,08/29/2022,Houston
08/24/2022,Southern Star Express LLC - Fort Worth,Denton,North Central Texas WDA,39,08/24/2022,08/31/2022,Fort Worth
08/24/2022,"Southern Star Express, LLC (DDF8)",Tarrant,Tarrant County WDA,55,09/29/2022,08/30/2022,Arlington
08/23/2022,ABM Industries - 902,Harris,Gulf Coast WDA,13,09/03/2022,08/30/2022,Houston
08/23/2022,ABM Industries - 909,Harris,Gulf Coast WDA,5,09/03/2022,08/30/2022,Houston
08/23/2022,ABM Industries - 920,Harris,Gulf Coast WDA,9,09/03/2022,08/30/2022,Houston
08/23/2022,ABM Industries - 915 Gessner,Harris,Gulf Coast WDA,13,09/03/2022,08/30/2022,Houston
08/23/2022,ABM Industries - 1120,Harris,Gulf Coast WDA,9,09/23/2022,08/30/2022,Houston
08/23/2022,ABM Industries - 1140,Harris,Gulf Coast WDA,8,09/03/2022,08/30/2022,Houston
08/19/2022,Spirit Airlines,Dallas,Dallas County WDA,134,09/30/2022,08/19/2022,Dallas
08/10/2022,Signify Health LLC - Austin,Travis,Capital Area WDA,9,10/01/2022,08/10/2022,Austin
08/09/2022,Signify Health LLC - Dallas,Dallas,Dallas County WDA,29,10/01/2022,08/10/2022,Dallas
07/28/2022,"GXO Logistics of Texas, LLC",Tarrant,Tarrant County WDA,116,09/30/2022,07/28/2022,Fort Worth
07/27/2022,Plano Enterprise Mobility Facility,Collin,North Central Texas WDA,69,11/02/2022,07/27/2022,Plano
07/26/2022,F 45 Training Inc.,Travis,Capital Area WDA,78,09/25/2022,07/28/2022,Austin
07/25/2022,Seville Farms @ Mansfield,Tarrant,Tarrant County WDA,64,07/20/2022,07/25/2022,Mansfield
07/25/2022,Seville Farms @ Tyler,Smith,East Texas WDA,72,07/20/2022,07/25/2022,Winona
07/25/2022,Seville Farms @ Los Fresnos,Cameron,Cameron County WDA,92,07/20/2022,07/25/2022,Los Fresnos
07/19/2022,ION Geophysical Corporation,Harris,Gulf Coast WDA,125,08/31/2022,07/26/2022,Houston
07/19/2022,Pearl South Padre Island Hotel and Resort,Cameron,Cameron County WDA,115,09/18/2022,07/21/2022,South Padre Is.
07/20/2022,"Captel Service Specialists, LLC",Tarrant,Tarrant County WDA,110,09/20/2022,07/20/2022,Arlington
07/19/2022,Food City Supermarkets,El Paso,Borderplexjobs WDA,90,09/03/2022,07/19/2022,El Paso
07/06/2022,"S&B Fabrication Services,Ltd.",Chambers,Gulf Coast WDA,83,09/08/2022,07/13/2022,Baytown
07/05/2022,Multi Color Corporation,Dallas,Dallas County WDA,45,06/28/2022,07/05/2022,Dallas
10/01/2022,Quarter North Energy LLC,Harris,Gulf Coast WDA,43,11/30/2022,10/03/2022,Houston
09/22/2022,The James Skinner Company,Lamar,North East Texas WDA,179,09/22/2022,09/22/2022,Paris
09/14/2022,Rubbermaid Commercial Products LLc,El Paso,Borderplexjobs WDA,64,11/14/2022,09/14/2022,El Paso
09/13/2022,Sealed Air Corporation,Denton,North Central Texas WDA,49,11/18/2022,09/13/2022,Carrollton
12/02/2022,American General Life Insurance Company,Potter,Panhandle WDA,461,02/01/2023,12/02/2022,Amarillo
11/15/2022,Catalent Cell Therapy,Harris,Gulf Coast WDA,77,01/15/2023,11/22/2022,Webster
11/18/2022,Home Point Financial Corporation,Collin,Dallas County WDA,49,11/18/2022,11/18/2022,Dallas
11/16/2022,"Bedding Acquisition, LLC",Tarrant,Tarrant County WDA,95,01/16/2023,11/18/2022,Grand Prairie
11/16/2022,"Meta Platforms, Inc. (West 3rd)",Travis,Capital Area WDA,154,01/13/2023,11/16/2022,Austin
11/16/2022,"Meta Platforms, Inc, (Alterra Pkwy.)",Travis,Capital Area WDA,7,01/13/2023,11/16/2022,Austin
11/16/2022,"Meta Platforms, Inc. (Mcallen Pass)",Travis,Capital Area WDA,11,01/13/2023,11/16/2022,Austin
11/16/2022,"Meta Platforms, Inc.(W,6th)",Travis,Capital Area WDA,50,01/13/2023,11/16/2022,Austin
10/11/2022,Hill Defense and Federal Solutions,Bexar,Alamo WDA,134,12/12/2022,11/08/2022,San Antonio
09/19/2022,Sodexo - CHI Saint Luke's McNair,Harris,Gulf Coast WDA,15,12/15/2022,11/10/2022,Houston
09/19/2022,Sodexo - CHI St Luke's Baylor Medical Center,Harris,Gulf Coast WDA,99,12/15/2022,11/10/2022,Houston
11/11/2022,"COSMAX NBT USA, INC #1",Dallas,Dallas County WDA,36,10/28/2022,11/11/2022,Garland
11/11/2022,Hallmark Financial Services,Dallas,Dallas County WDA,83,12/31/2022,11/11/2022,Dallas
10/31/2022,iBio CDMO,Brazos,Brazos Valley WDA,50,01/02/2023,11/02/2022,Bryan
10/27/2022,"Argo AI, LLC. (Austin Congress)",Travis,Capital Area WDA,10,11/01/2022,10/27/2022,Austin
10/27/2022,"Argo AI, LLC. (Austin 7th Street)",Travis,Capital Area WDA,68,11/01/2022,10/27/2022,Austin
10/14/2022,"Westex Security Services, Inc.",Harris,Gulf Coast WDA,7,12/21/2022,10/24/2022,Houston
10/14/2022,DXP Enterprises,Harris,Gulf Coast WDA,4,12/21/2022,10/24/2022,Houston
10/14/2022,HJH Houston 1,Harris,Gulf Coast WDA,1,12/21/2022,10/24/2022,Houston
10/14/2022,Jacob Engineering,Harris,Gulf Coast WDA,3,12/21/2022,10/24/2022,Houston
10/14/2022,"Sutton Court Homeowner's Association, Inc.",Harris,Gulf Coast WDA,2,12/21/2022,10/24/2022,Houston
10/14/2022,Third Coast Terminals,Brazoria,Gulf Coast WDA,3,12/21/2022,10/24/2022,Pearland
10/14/2022,Center Point Towers,Harris,Gulf Coast WDA,204,12/21/2022,10/24/2022,Houston
10/14/2022,Center Point Platinum,Harris,Gulf Coast WDA,5,12/21/2022,10/24/2022,Houston
10/14/2022,Center Point Harrisburg Service Center,Harris,Gulf Coast WDA,5,12/21/2022,10/24/2022,Houston
10/14/2022,Center Point South Houston Center Complex,Harris,Gulf Coast WDA,6,12/21/2022,10/24/2022,Houston
10/14/2022,Centerpoint Addicks Operation Center,Harris,Gulf Coast WDA,10,12/21/2022,10/25/2022,Houston
10/14/2022,Center Point Energy Control Data Center,Harris,Gulf Coast WDA,10,12/21/2022,10/25/2022,Houston
10/13/2022,"GXO Logistics of Texas, LLC (Lancaster)",Dallas,Dallas County WDA,206,12/10/2022,10/13/2022,Lancaster
10/13/2022,"GXO Logistics of Texas, LLC (Dallas)",Dallas,Dallas County WDA,56,12/10/2022,10/13/2022,Dallas
10/04/2022,Valley International Cold Storage LLC,Cameron,Cameron County WDA,64,09/15/2022,10/04/2022,Harlingen
10/07/2022,"Rev.com, Inc",Travis,Capital Area WDA,85,10/21/2022,10/07/2022,Austin
01/31/2023,"Transde,v Inc,",Dallas,Dallas County WDA,83,01/30/2023,01/31/2023,Lancaster
01/31/2023,"Bedding Acquisition, LLC",Dallas,Dallas County WDA,74,03/31/2023,01/31/2023,Grand Prairie
02/02/2023,Georgia Pacific Gypsum,Hardeman,North Texas WDA,158,04/01/2023,02/02/2023,Quanah
02/02/2023,"PTW Energy Services, Inc.",Midland,Permian Basin WDA,9,04/03/2023,02/02/2023,Midland
02/02/2023,Eddy Foods,Dewitt,Golden Crescent WDA,140,02/15/2023,02/02/2023,Yoakum
01/31/2023,Owens-Brockway Glass Container Inc.,McLennan,Heart of Texas WDA,90,01/31/2023,02/03/2023,Waco
01/27/2023,"ABM Texas General Services, Inc",Travis,Capital Area WDA,255,01/16/2023,01/27/2023,Austin
01/20/2023,Sumitomo Electric Wiring Systems,El Paso,Borderplexjobs WDA,110,03/31/2023,01/20/2023,El Paso
01/25/2023,Service Experts,Dallas,Dallas County WDA,76,03/10/2023,01/25/2023,Richardson
01/25/2023,Bed Bath and Beyond (Lewisville),Denton,North Central Texas WDA,374,03/26/2023,01/25/2023,Lewisville
01/24/2023,State Farm at City Line Building 1-4,Collin,North Central Texas WDA,125,03/31/2023,01/24/2023,Richardson
01/19/2023,Genpact LLC,Collin,North Central Texas WDA,964,03/31/2023,01/19/2023,Richardson
01/16/2023,The Pictsweet Company,Bexar,Alamo WDA,77,03/17/2023,01/16/2023,San Antonio
01/12/2023,"RateGenius Loan Services, Inc.",Travis,Capital Area WDA,139,01/11/2023,01/12/2023,Austin
01/11/2023,Ryder Inc.,Travis,Capital Area WDA,801,03/18/2023,01/11/2023,Austin
01/10/2023,TUSimple,Dallas,Dallas County WDA,76,12/21/2023,01/10/2023,Dallas
01/09/2023,Southwest Key Programs-Casa Blanca,Bexar,Alamo WDA,85,02/14/2023,01/09/2023,San Antonio
01/05/2023,Information Technology Coalition Inc. (Irving),Dallas,Dallas County WDA,370,01/31/2023,01/05/2023,Irving
01/06/2023,"Monitronics International, Inc. dba Brinks Home",Dallas,Dallas County WDA,20,03/03/2023,01/06/2023,Dallas
12/21/2022,HII Mission Technologies,Bexar,Alamo WDA,68,02/28/2023,12/21/2022,San Antonio
03/31/2023,Walmart #1258,Tarrant,Tarrant County WDA,1047,06/02/2023,03/31/2023,Fort Worth
03/22/2023,"Saten, Inc.",Tarrant,Tarrant County WDA,54,05/13/2023,03/22/2023,Fort Worth
03/15/2023,Ibase Operations Corporation,Williamson,Rural Capital WDA,81,05/31/2023,03/15/2023,Austin
03/14/2023,Trellis Company,Williamson,Rural Capital WDA,105,04/04/2023,03/14/2023,Round Rock
03/20/2023,"Penske Logistics, LLC-Keller",Tarrant,Tarrant County WDA,152,05/20/2023,03/20/2023,Keller
03/08/2023,"Security Specialists, Inc (Austin)",Travis,Capital Area WDA,240,04/28/2023,03/08/2023,Austin
03/03/2023,"Southwest General Hospital, LP",Bexar,Alamo WDA,827,05/01/2023,03/03/2023,San Antonio
03/02/2023,EP Lamination,El Paso,Borderplexjobs WDA,53,05/02/2023,03/02/2023,El Paso
02/28/2023,Interceramic Austin Showroom,Travis,Capital Area WDA,17,08/31/2023,02/28/2023,Austin
02/28/2023,Interceramic Fort Worth Showroom,Tarrant,Tarrant County WDA,12,05/31/2023,02/28/2023,Fort Worth
02/28/2023,Interceramic Manufacturing Facility,Dallas,Dallas County WDA,161,02/22/2023,02/28/2023,Garland
02/28/2023,Interceramic Tile & Stone Gallery,Dallas,Dallas County WDA,15,08/31/2023,02/28/2023,Dallas
02/27/2023,Interceramic Corporate Office and Distribution Center,Dallas,North Central Texas WDA,118,03/31/2023,02/27/2023,Carrollton
02/27/2023,Interceramic Houston Showroom (Clay Road),Harris,Gulf Coast WDA,35,08/31/2023,02/27/2023,Houston
02/27/2023,Interceramic Houston-Spring Showroom,Harris,Gulf Coast WDA,7,05/31/2023,02/27/2023,Spring
02/27/2023,Interceramic Plano Showroom,Collin,North Central Texas WDA,4,05/31/2023,02/27/2023,Plano
02/27/2023,Interceramic San Antonio Showroom,Bexar,Alamo WDA,19,08/31/2023,02/27/2023,San Antonio
02/27/2023,SNL Distribution Services Corporation,Denton,North Central Texas WDA,60,03/31/2023,02/27/2023,Denton
02/27/2023,"TuSimple, Inc. (Fort Worth)",Denton,North Central Texas WDA,10,02/17/2023,02/27/2023,Fort Worth
02/27/2023,"TuSimple, Inc. (Hutchins)",Dallas,North Central Texas WDA,10,02/17/2023,02/27/2023,Hutchins
02/23/2023,Boston Scientific Corporation,Harris,Gulf Coast WDA,120,04/23/2023,02/23/2023,Houston
02/16/2023,Deer Park Nursing and Rehab Center LLC,Harris,Gulf Coast WDA,40,02/08/2023,02/16/2023,Deer Park
02/16/2023,TaskUs (San Antonio),Bexar,Alamo WDA,186,02/24/2023,02/16/2023,San Antonio
02/21/2023,"Wix.com, Inc.",Travis,Capital Area WDA,100,04/16/2023,02/21/2023,Austin
02/15/2023,St. Mark's Medical Center,Fayette,Rural Capital WDA,64,02/17/2023,02/15/2023,La Grange
02/08/2023,Walmart Store #7310,Fort Bend,Gulf Coast WDA,92,05/19/2023,02/09/2023,Katy
02/07/2023,"Misfits Market Technologies, INC (Fullfillment Center)",Tarrant,Tarrant County WDA,121,04/08/2023,02/07/2023,Fort Worth
02/07/2023,"Skorpios Technologies, Inc.",Travis,Capital Area WDA,60,04/01/2023,02/07/2023,Austin
02/07/2023,Packaging Corporation of America (Woodway),McLennan,Heart of Texas WDA,65,03/28/2023,02/07/2023,Woodway
02/07/2023,Owens Corning Amarillo Facility,Potter,Panhandle WDA,200,04/04/2023,02/07/2023,Amarillo
05/08/2023,Aventi Technologies,Denton,North Central Texas WDA,272,05/12/2023,05/08/2023,Carrollton
05/03/2023,DHL Supply Chain - Missouri City,Fort Bend,Gulf Coast WDA,123,06/30/2023,05/03/2023,Missouri City
05/03/2023,DHL Supply Chain - Sugar Land,Fort Bend,Gulf Coast WDA,29,06/30/2023,05/03/2023,Sugar Land
05/03/2023,"Makita U.S.A., Inc. Distribution Center",Dallas,Dallas County WDA,4,06/28/2023,05/03/2023,Wilmer
05/03/2023,"Makita U.S.A., Inc. Factory Service Center",Harris,Gulf Coast WDA,7,06/28/2023,05/03/2023,Houston
04/25/2023,Stanley Black & Decker-Fort Worth,Tarrant,Tarrant County WDA,175,05/19/2023,04/25/2023,Fort Worth
04/20/2023,Walmart #4795 Grapevine,Tarrant,Tarrant County WDA,133,07/13/2023,04/20/2023,Grapevine
04/19/2023,"HCS Renewable Energy, LLC",Wharton,Gulf Coast WDA,62,06/18/2023,04/19/2023,El Campo
04/18/2023,"Packers Sanitation Services- Cactus, Texas",Moore,Panhandle WDA,113,05/30/2023,04/18/2023,Cactus
04/05/2023,Aramark Campus LLC Trininty University (San Antonio),Bexar,Alamo WDA,120,05/31/2023,04/05/2023,San Antonio
04/06/2023,,El Paso,Borderplexjobs WDA,12,06/02/2023,04/06/2023,El Paso
04/05/2023,Chalk Mountain Services of Texas LLC,Winkler,Permian Basin WDA,98,05/31/2023,04/05/2023,Kermit
04/05/2023,Hunter Douglas Fabrication Company (Custom Brands Group),Collin,North Central Texas WDA,100,06/09/2023,04/05/2023,McKinney
04/04/2023,"Molecular Templates, Inc. (MTEM)",Williamson,Rural Capital WDA,84,05/29/2023,04/04/2023,Austin
04/03/2023,Ibex Global Solutions (San Antonio),Bexar,Alamo WDA,227,06/02/2023,04/03/2023,San Antonio
06/14/2023,Nucor (Longview),Gregg,East Texas WDA,173,08/18/2023,06/14/2023,Longview
06/08/2023,Federal Express Corporation (Temple),Bell,Central Texas WDA,58,09/04/2023,06/08/2023,Temple
06/07/2023,Chartwells (Midland ISD),Midland,Permian Basin WDA,74,06/30/2023,06/07/2023,Midland
06/01/2023,Attala Steele Industries (Hilsboro Plant),Hill,Heart of Texas WDA,126,05/26/2023,06/01/2023,Hillsboro
05/30/2023,"Diversified Technical Services, INC. (San Antonio)",Bexar,Alamo WDA,137,07/31/2023,05/30/2023,San Antonio
05/25/2023,Scribe Media LLC,Travis,Capital Area WDA,90,05/24/2023,05/25/2023,Austin
05/22/2023,Central Garden & Pet (Manufacturing),Henderson,East Texas WDA,80,06/27/2023,05/22/2023,Athens
05/18/2023,Wipro,Travis,Capital Area WDA,64,06/30/2023,05/18/2023,Austin
05/17/2023,[24]7.ai,Collin,North Central Texas WDA,69,07/07/2023,05/17/2023,Dallas
05/16/2023,USAA - (San Antonio) Fredericksburg Rd.,Bexar,Alamo WDA,235,07/14/2023,05/16/2023,San Antonio
05/16/2023,Accenture LLP (Austin),Travis,Capital Area WDA,549,06/27/2023,05/16/2023,Austin
05/16/2023,Durham School Services-Brenham,Washington,Brazos Valley WDA,81,07/31/2023,05/16/2023,Brenham
05/15/2023,ABM Industries at the University of Texas San Antonio,Bexar,Alamo WDA,86,03/31/2023,05/15/2023,San Antonio
05/10/2023,"Bedding Acquisition, LLC (Grand Prairie Plant)",Dallas,Dallas County WDA,23,05/26/2023,05/10/2023,Grand Prairie
05/10/2023,"GXO Logistics of Texas, LLC (Fort Worth) Comcast Facility",Tarrant,Tarrant County WDA,105,06/30/2023,05/10/2023,Fort Worth
05/10/2023,Village Farms,Ward,Permian Basin WDA,27,08/01/2023,05/10/2023,Monahans
08/08/2023,Honeywell Intelligrated,Tarrant,Tarrant County WDA,80,10/27/2023,08/08/2023,Arlington
08/08/2023,"Babylon, Inc",Travis,Capital Area WDA,94,08/07/2023,08/08/2023,Austin
08/08/2023,TATA Consultancy Services,Williamson,Rural Capital WDA,85,10/02/2023,08/08/2023,Austin
08/04/2023,"PSW Real Estate, LLC",Travis,Capital Area WDA,87,07/31/2023,08/04/2023,Austin
08/03/2023,Regal Rexnord,Hidalgo,Lower Rio Grande Valley WDA,78,09/30/2023,08/03/2023,Mission
08/03/2023,Compass Group,Fort Bend,Gulf Coast WDA,153,08/01/2023,08/03/2023,Sugar Land
08/01/2023,Yellow Freight (Dallas),Dallas,Dallas County WDA,530,07/28/2023,08/01/2023,Dallas
08/03/2023,Yellow Freight (Abilene),Taylor,West Central WDA,4,07/28/2023,08/03/2023,Abilene
08/03/2023,Yellow Freight (Fort Worth},Tarrant,Tarrant County WDA,84,07/28/2023,08/03/2023,Fort Worth
08/03/2023,Yellow Freight (El Paso),El Paso,Borderplexjobs WDA,45,07/28/2023,08/03/2023,El Paso
08/03/2023,Yellow Freight (Sherman),Grayson,Texoma WDA,25,07/28/2023,08/03/2023,Sherman
08/03/2023,Yellow Freight (Waco),McLennan,Heart of Texas WDA,17,07/28/2023,08/03/2023,Waco
08/02/2023,FedEx Supply Chain Logistics & Electronics (Ft. Worth),Tarrant,Tarrant County WDA,280,09/23/2023,08/02/2023,Fort Worth
08/01/2023,"Ericsson, Inc.",Collin,North Central Texas WDA,64,09/29/2023,08/01/2023,Plano
07/27/2023,Vibra Hospital of Desoto,Dallas,Dallas County WDA,76,09/29/2023,07/27/2023,DeSoto
07/19/2023,Ventra Health,Tarrant,Tarrant County WDA,64,10/09/2023,07/19/2023,Fort Worth
07/17/2023,"David's Bridal, LLC (Frisco)",Collin,North Central Texas WDA,53,07/17/2023,07/17/2023,Frisco
07/17/2023,"David's Bridal, LLC (Arlington)",Tarrant,Tarrant County WDA,27,07/17/2023,07/17/2023,Arlington
07/17/2023,"David's Bridal, LLC (Friendswood)",Harris,Gulf Coast WDA,35,07/17/2023,07/17/2023,Friendswood
07/17/2023,"David's Bridal, LLC (610 & San Felipe Shop Center)",Harris,Gulf Coast WDA,39,07/17/2023,07/17/2023,Houston
07/17/2023,"David's Bridal, LLC (San Antonio)",Bexar,Alamo WDA,38,07/17/2023,07/17/2023,San Antonio
07/17/2023,"David's Bridal, LLC (Houston North The Woodlands)",Montgomery,Gulf Coast WDA,41,07/17/2023,07/17/2023,Woodlands
07/17/2023,"David's Bridal, LLC (Hurst)",Tarrant,Tarrant County WDA,25,07/17/2023,07/17/2023,Hurst
07/17/2023,"David's Bridal, LLC (North Dallas)",Tarrant,Dallas County WDA,33,07/17/2023,07/17/2023,Dallas
07/17/2023,"David's Bridal, LLC (Mesquite)",Dallas,Dallas County WDA,27,07/17/2023,07/17/2023,Mesquite
07/17/2023,"David's Bridal, LLC (Beaumont)",Jefferson,South East Texas WDA,21,07/17/2023,07/17/2023,Beaumont
07/17/2023,"David's Bridal, LLC (Lewisville)",Denton,North Central Texas WDA,28,07/17/2023,07/17/2023,Lewisville
07/17/2023,"David's Bridal, LLC (Tyler)",Smith,East Texas WDA,31,07/17/2023,07/17/2023,Tyler
07/17/2023,"David's Bridal, LLC (McAllen)",Hidalgo,Lower Rio Grande Valley WDA,31,07/17/2023,07/17/2023,McAllen
07/17/2023,"David's Bridal, LLC (Sugar Land)",Fort Bend,Gulf Coast WDA,38,07/17/2023,07/17/2023,Sugar Land
07/17/2023,"David's Bridal, LLC (North Austin)",Travis,Capital Area WDA,43,07/17/2023,07/17/2023,Austin
07/17/2023,"David's Bridal, LLC (Waco)",McLennan,Heart of Texas WDA,30,07/17/2023,07/17/2023,Waco
07/17/2023,"David's Bridal, LLC (Corpus Christie)",Nueces,Coastal Bend WDA,21,07/17/2023,07/17/2023,Corpus Christi
07/17/2023,"David's Bridal, LLC (Fort Worth)",Tarrant,Tarrant County WDA,29,07/17/2023,07/17/2023,Fort Worth
07/17/2023,"David's Bridal, LLC (Abilene)",Taylor,West Central WDA,19,07/17/2023,07/17/2023,Abilene
07/17/2023,"David's Bridal, LLC (San Antonio Bexar County)",Bexar,Alamo WDA,25,07/17/2023,07/17/2023,San Antonio
07/17/2023,"David's Bridal, LLC (College Station)",Brazos,Brazos Valley WDA,14,07/17/2023,07/17/2023,College Station
07/17/2023,"David's Bridal, LLC (El Paso)",El Paso,Borderplexjobs WDA,26,07/17/2023,07/17/2023,El Paso
07/17/2023,"David's Bridal, LLC (Austin South)",Travis,Capital Area WDA,26,07/17/2023,07/17/2023,Austin
07/17/2023,"David's Bridal, LLC (Lubbock)",Lubbock,South Plains WDA,31,07/17/2023,07/17/2023,Lubbock
07/05/2023,S&B Industry Inc.,Tarrant,Tarrant County WDA,115,07/21/2023,07/05/2023,Fort Worth
06/29/2023,AAC Holding Corporation,Dallas,Dallas County WDA,188,08/16/2023,06/29/2023,Dallas
06/29/2023,Management Training Corporation (Sanders Estes Unit),Johnson,North Central Texas WDA,120,08/31/2023,06/29/2023,Venus
06/29/2023,"Aramark Campus, LLC at New Braunfels ISD",Comal,Alamo WDA,59,06/30/2023,06/29/2023,New Braunfels
06/27/2023,"Packers Sanitation Services, Inc. (PSSI) Center, Texas",Shelby,Deep East Texas WDA,93,06/09/2023,06/27/2023,Center
06/27/2023,Management & Training Corporation (Cleveland TX),Liberty,Gulf Coast WDA,107,08/31/2023,06/27/2023,Cleveland
06/27/2023,"Federal Heath Sign Company, LLC",Tarrant,Tarrant County WDA,47,09/01/2023,06/27/2023,Euless
06/27/2023,Management & Training Corporation (MTC) - Diboll,Angelina,Deep East Texas WDA,101,08/31/2023,06/27/2023,Diboll
06/23/2023,Cognizant Technology Solutions,Travis,Capital Area WDA,56,08/20/2023,06/23/2023,Austin
06/15/2023,Accenture Austin),Williamson,Rural Capital WDA,218,08/14/2023,06/15/2023,Austin
06/15/2023,"Neilsen and Bainbridge, LLC",Williamson,Rural Capital WDA,116,05/23/2023,06/15/2023,Austin
06/15/2023,Southeast Service Corporation (Bastrop Independent School District),Bastrop,Rural Capital WDA,91,08/05/2023,06/15/2023,Bastrop
09/21/2023,Owens-Brockway Glass Container Inc.,McLennan,Heart of Texas WDA,300,10/16/2023,09/21/2023,Waco
09/19/2023,Off Lease LLC,Harris,Gulf Coast WDA,103,09/07/2023,09/19/2023,Katy
09/19/2023,Compass United,Bexar,Alamo WDA,104,10/29/2023,09/19/2023,San Antonio
09/18/2023,Aramark @Trinity Mother Frances Hospital,Smith,East Texas WDA,163,10/31/2023,09/18/2023,Tyler
09/18/2023,Aramark Christus Children's Hospital,Bexar,Alamo WDA,71,10/31/2023,09/18/2023,San Antonio
09/18/2023,Aramark Christus Santa Rosa Westover Hills,Bexar,Alamo WDA,73,10/31/2023,09/18/2023,San Antonio
09/18/2023,Aramark Christus Hospital St.Elizabeth,Jefferson,South East Texas WDA,87,10/31/2023,09/18/2023,Beaumont
09/18/2023,Aramark Christus St. Michael HospitL,Bowie,North East Texas WDA,87,10/31/2023,09/18/2023,Texarkana
09/18/2023,Aramark Christus Spohn Shoreline,Nueces,Coastal Bend WDA,116,10/31/2023,09/18/2023,Corpus Christi
09/18/2023,Aramark @ Christus Good Shepard Medical Center,Gregg,East Texas WDA,97,10/31/2023,09/18/2023,Longview
09/12/2023,Raytheon Technologies,Dallas,Dallas County WDA,27,09/11/2023,09/12/2023,Dallas
09/08/2023,Watts Regulators Co.,Bexar,Alamo WDA,31,11/06/2023,09/08/2023,San Antonio
09/07/2023,ED Tucker Powersports,Tarrant,Tarrant County WDA,165,10/30/2023,09/07/2023,Ft. Worth
08/31/2023,"GXO Logistics of Texas Supply Chain, Inc",Dallas,Dallas County WDA,92,10/31/2023,08/31/2023,Wilmer
08/29/2023,Freedom Graphic Systems Inc.,Dallas,Dallas County WDA,59,11/17/2023,08/29/2023,Grand Prairie
08/29/2023,Holiday Inn Club Vacations-Pantego,Tarrant,Tarrant County WDA,56,10/27/2023,08/29/2023,Pantego
08/25/2023,Carling Technologies,Cameron,Cameron County WDA,83,11/03/2023,08/25/2023,Brownsville
08/24/2023,VSPOne Dallas,Denton,North Central Texas WDA,15,10/26/2023,08/24/2023,Lewisville
08/23/2023,Harland Clarke Corp,Tarrant,Tarrant County WDA,130,12/01/2023,08/23/2023,Grapevine
08/23/2023,CVS Health (Richardson),Dallas,Dallas County WDA,167,10/21/2023,08/23/2023,Richardson
08/18/2023,"S&B Plant Services, LTD. (Deer Park)",Harris,Gulf Coast WDA,163,10/02/2023,08/18/2023,Deer Park
08/18/2023,"S&B Plant Services, LTD (Pasadena)",Harris,Gulf Coast WDA,32,10/02/2023,08/18/2023,Pasadena
08/18/2023,"S&B Plant Service, LTD (La Porte)",Harris,Gulf Coast WDA,3,10/02/2023,08/18/2023,La Porte
08/18/2023,"Appfolio, Inc.",Dallas,Dallas County WDA,38,11/15/2023,08/18/2023,Richardson
08/17/2023,"Wayforth, LLC (Cedar Park)",Williamson,Rural Capital WDA,10,08/18/2023,08/17/2023,Cedar Park
08/17/2023,"Wayforth, LLC (Grapevine)",Tarrant,Tarrant County WDA,15,08/18/2023,08/17/2023,Grapevine
08/17/2023,"Wayforth, LLC (Houston)",Harris,Gulf Coast WDA,16,08/18/2023,08/17/2023,Houston
11/08/2023,CVS Health (Irving),Dallas,Dallas County WDA,2,12/30/2023,11/08/2023,Irving
11/08/2023,Whole Food Market (Midtown Houston),Harris,Gulf Coast WDA,110,12/05/2023,11/08/2023,Houston
11/06/2023,Walmart #1258,Tarrant,Tarrant County WDA,363,02/09/2023,11/06/2023,Fort Worth
11/06/2023,Raytheon Technologies,Dallas,Dallas County WDA,34,01/05/2023,11/06/2023,Dallas
10/31/2023,PVA Downtown,Bexar,Alamo WDA,20,12/04/2023,10/31/2023,San Antonio
10/31/2023,PVA Medical Center,Bexar,Alamo WDA,10,12/04/2023,10/31/2023,San Antonio
10/31/2023,Builders FirstSource (Grandview),Johnson,North Central Texas WDA,76,12/30/2023,10/31/2023,Grandview
10/26/2023,Cygnus Home Service LLC. (Abilene),Taylor,West Central WDA,5,12/15/2023,10/26/2023,Abilene
10/26/2023,Cygnus Home Service LLC (Alvin),Brazoria,Gulf Coast WDA,6,12/15/2023,10/26/2023,Alvin
10/26/2023,Cygnus Home Service LLC. (Conroe),Montgomery,Gulf Coast WDA,9,12/15/2023,10/26/2023,Conroe
10/26/2023,Cygnus Home Service LLC. (Houston),Harris,Gulf Coast WDA,13,12/15/2023,10/26/2023,Houston
10/26/2023,Cygnus Home Services LLC. (Lubbock),Lubbock,South Plains WDA,8,12/15/2023,10/26/2023,Lubbock
10/26/2023,Cygnus Home Services LLC. (Mt. Pleasant),Titus,North East Texas WDA,10,12/15/2023,10/26/2023,Mt Pleasant
10/26/2023,Cygnus Home Services LLC. (Nacogdoches),Nacogdoches,Deep East Texas WDA,8,12/15/2023,10/26/2023,Nacogdoches
10/26/2023,Cygnus Home Services LLC. (Odessa),Ector,Permian Basin WDA,8,10/26/2023,10/26/2023,Odessa
10/26/2023,Cygnus Home Services LLC. (Pampa),Gray,Panhandle WDA,7,12/15/2023,10/26/2023,Pampa
10/26/2023,Cygnus Home Services LLC. (Round Rock),Williamson,Rural Capital WDA,11,10/26/2023,10/26/2023,Round Rock
10/26/2023,Cygnus Home Services LLC. (San Angelo),Tom Green,Concho Valley WDA,5,12/15/2023,10/26/2023,San Angelo
10/26/2023,Cygnus Home Services LLC. (Schertz),Bexar,Alamo WDA,6,12/15/2023,10/26/2023,Schertz
10/26/2023,Cygnus Home Services LLC. (Sherman),Grayson,Texoma WDA,7,12/15/2023,10/26/2023,Sherman
10/26/2023,Cygnus Home Services LLC. (Waco),McLennan,Heart of Texas WDA,6,12/15/2023,10/26/2023,Waco
10/25/2023,MV-Transportation Austin (North Yard),Travis,Capital Area WDA,400,12/31/2023,10/25/2023,Austin
10/25/2023,MV- Transportation Austin (South Yard),Travis,Capital Area WDA,778,12/31/2023,10/25/2023,Austin
10/23/2023,"Ericsson, Inc.",Collin,North Central Texas WDA,6,01/05/2024,10/23/2023,Plano
10/23/2023,XTO Energy Inc. (Tyler),Smith,East Texas WDA,1,12/20/2023,10/23/2023,Tyler
10/23/2023,XTO Energy Inc. (Jewett #2),Leon,Brazos Valley WDA,9,12/20/2023,10/23/2023,Jewett
10/23/2023,XTO Energy Inc. (Teague #2),Freestone,Heart of Texas WDA,11,12/20/2023,10/23/2023,Teague
10/23/2023,XTO Energy Inc. (Donie #2),Freestone,Heart of Texas WDA,46,12/20/2023,10/23/2023,Donie
10/20/2023,XTO Energy Inc. (Franklin),Robertson,Brazos Valley WDA,15,12/20/2023,10/20/2023,Franklin
10/20/2023,XTO Energy Inc. (Jewett),Leon,Brazos Valley WDA,18,12/20/2023,10/20/2023,Jewett
10/20/2023,XTO Energy Inc. (Donie),Freestone,Heart of Texas WDA,20,12/20/2023,10/20/2023,Donie
10/19/2023,"GulfMark Energy, Inc.(Chico)",Wise,North Central Texas WDA,6,11/01/2023,10/19/2023,Chico
10/19/2023,"GulfMark Energy, Inc.(Electra)",Wichita,North Texas WDA,18,11/01/2023,10/19/2023,Electra
10/19/2023,"GulfMark Energy, Inc. (Bowie)",Montague,North Texas WDA,15,11/01/2023,10/19/2023,Bowie
10/19/2023,"GulfMark Energy, Inc.",Cooke,Texoma WDA,7,11/01/2023,10/19/2023,Gainesville
10/18/2023,Southwestern Health Resources,Dallas,Dallas County WDA,288,12/31/2023,10/18/2023,Farmers Branch
10/12/2023,LegalZoom.com,Williamson,Rural Capital WDA,122,12/15/2023,10/12/2023,Austin
10/10/2023,"Mittera Group, Inc.",Dallas,Dallas County WDA,136,12/09/2023,10/10/2023,Carrollton
10/10/2023,Accenture LLP (Austin),Travis,Capital Area WDA,351,12/08/2023,10/10/2023,Austin
10/09/2023,"Reata Pharmaceuticals, Inc.(Legacy)",Collin,North Central Texas WDA,113,11/27/2023,10/09/2023,Plano
10/09/2023,L3Harris Technologies,Rockwall,North Central Texas WDA,268,11/30/2023,10/09/2023,Rockwall
10/09/2023,Fluor Enterprises-M&G Jumbo Project,Nueces,Coastal Bend WDA,66,09/28/2023,10/09/2023,Corpus Ch
10/09/2023,American Medical Response (Fort Worth#2),Tarrant,Tarrant County WDA,156,09/03/2023,10/09/2023,Fort Worth
10/09/2023,Raytheon Technologies,Dallas,Dallas County WDA,38,12/08/2023,10/09/2023,Dallas
10/06/2023,Invista-Nylon Chemicals Americas,Orange,South East Texas WDA,239,10/27/2023,10/06/2023,Orange
10/04/2023,Parker Hannifan-HVAC Division,Dallas,Dallas County WDA,76,12/02/2023,10/04/2023,Mesquite
10/02/2023,Stitch Fix,Dallas,None,558,12/01/2023,10/02/2023,Dallas
12/04/2023,Granite Peak Fabrication,Midland,Permian Basin WDA,89,02/02/2024,12/04/2023,Midland
12/04/2023,DHL Supply Chain - Sugar Land,Fort Bend,Gulf Coast WDA,10,01/31/2024,12/04/2023,Sugar Land
12/04/2023,DHL Supply Chain - Missouri City,Fort Bend,Gulf Coast WDA,50,12/04/2023,12/04/2023,Missouri City
12/04/2023,"Matheson Flight Extenders, Inc.",Tarrant,Tarrant County WDA,92,01/31/2024,12/04/2023,Grapevine
12/01/2023,Vmware Inc. River Place),Travis,Capital Area WDA,577,01/26/2024,12/01/2023,Austin
11/27/2023,Bandier Texas LLC.,Dallas,Dallas County WDA,9,11/22/2023,11/27/2023,Dallas
11/27/2023,Covenant Aviation Security(George Bush Airport),Harris,Gulf Coast WDA,64,12/06/2023,11/27/2023,Houston
11/27/2023,Covenant Aviation Security (Hobby Airport),Harris,Gulf Coast WDA,39,12/06/2023,11/27/2023,Houston
11/27/2023,Cognizant Technology Solutions (Riata),Travis,Capital Area WDA,65,12/08/2023,11/27/2023,Austin
11/27/2023,Bandier Texas LLC.,Dallas,Dallas County WDA,9,11/22/2023,11/27/2023,Dallas
11/13/2023,ADT Solar (Dallas),Dallas,Dallas County WDA,53,11/10/2023,11/13/2023,Dallas
11/10/2023,Hyliion Inc,Williamson,Rural Capital WDA,150,11/08/2023,11/10/2023,Cedar Park
11/08/2023,CVS Health (Richardson),Dallas,Dallas County WDA,2,12/31/2023,11/08/2023,Richardson
11/08/2023,CMA CGM (America) LLC,Tarrant,Tarrant County WDA,64,12/12/2023,11/08/2023,Dallas
11/08/2023,10 Roads Express LLC.,Tarrant,Tarrant County WDA,66,10/16/2023,11/08/2023,Fort Worth
01/16/2024,"WWL Vehicle Services Americas, Inc.",Harris,Gulf Coast WDA,63,03/18/2024,01/16/2024,Houston
01/12/2024,GDI Services - Coppell,Dallas,Dallas County WDA,44,01/04/2024,01/12/2024,Coppell
01/12/2024,GDI Services Dallas,Dallas,Concho Valley WDA,44,01/04/2024,01/12/2024,Dallas
01/12/2024,Unity Technologies-Austin,Travis,Capital Area WDA,92,01/09/2024,01/12/2024,Austin
01/09/2024,"ABM Industries, Inc. Flowers Baking Company",Bexar,Alamo WDA,176,03/02/2024,01/09/2024,San Antonio
01/09/2024,Tom Thumb Store #3854,Tarrant,Tarrant County WDA,71,02/17/2024,01/09/2024,Grapevine
01/08/2024,Masonite Corporation (Greenville),Hunt,North Central Texas WDA,75,12/06/2023,01/08/2024,Greenville
01/08/2024,"Packers Sanitation Services, Inc. (PSSI) Friona",Parmer,Panhandle WDA,103,01/11/2024,01/08/2024,Friona
01/05/2024,Genpact US Services LLC,Collin,North Central Texas WDA,365,02/28/2024,01/05/2024,Richardson
01/05/2024,Technica Corporation,Bexar,Alamo WDA,60,02/15/2024,01/05/2024,San Antonio
01/04/2024,Randalls #2490,Travis,Capital Area WDA,76,02/10/2024,01/04/2024,Austin
12/18/2023,Custom Ink,Denton,North Central Texas WDA,256,12/15/2023,12/18/2023,Flower Mound
12/11/2023,The International Paper Company Sabine Railroad,Orange,South East Texas WDA,12,02/06/2024,12/11/2023,Orange
12/07/2023,Masonite Coorporation,Hunt,North Central Texas WDA,75,12/06/2023,12/07/2023,Greenville
02/15/2024,NexTier Completion Solutions Inc. - San Angelo II,Tom Green,Concho Valley WDA,104,04/17/2024,02/15/2024,San Angelo
02/12/2024,"WFS Express, Inc. Kelley Field",Bexar,Alamo WDA,65,04/10/2024,02/12/2024,San Antonio
02/02/2024,Shearer's Foods LLC,Lubbock,South Plains WDA,176,03/31/2024,02/02/2024,Lubbock
02/01/2024,"Mattison Pathology, LLP dba Avero Diagnotics",Dallas,Dallas County WDA,103,12/08/2024,02/01/2024,Irving
01/30/2024,American Airlines-SRO,Tarrant,Tarrant County WDA,321,03/30/2024,01/30/2024,Ft. Worth
01/25/2024,Hollingsworth LLC,Tarrant,Tarrant County WDA,153,03/31/2024,01/25/2024,Fort Worth
01/25/2024,Vroom-Meadows Place #2,Fort Bend,Gulf Coast WDA,54,03/23/2024,01/25/2024,Stafford
01/25/2024,Vroom-Stafford,Harris,Gulf Coast WDA,283,03/23/2024,01/25/2024,Stafford
01/24/2024,"Panera, LLC Fresh Dough Facility",Harris,Gulf Coast WDA,84,03/24/2024,01/24/2024,Houston
01/24/2024,Longwood Elastomers,Washington,Brazos Valley WDA,52,04/01/2024,01/24/2024,Brenham
01/23/2024,Vroom-Sam Houston Parkway,Harris,Gulf Coast WDA,178,03/23/2024,01/23/2024,Houston
01/22/2024,Horton Automatics,Nueces,Coastal Bend WDA,63,03/18/2024,01/22/2024,Corpus Christi
01/19/2024,HMS Host-DFW Airport,Tarrant,Tarrant County WDA,334,01/14/2024,01/19/2024,Grapevine
01/18/2024,Versum Materials US LLC,Travis,Capital Area WDA,51,02/02/2024,01/18/2024,Austin
01/17/2024,Jumbo Beverages,Tarrant,Tarrant County WDA,109,02/29/2024,01/17/2024,Grapevine
03/04/2024,"Gulf Stevedoring Services, LLC",Galveston,Gulf Coast WDA,29,04/30/2024,03/04/2024,Galveston
02/29/2024,"Ironhorse Funding, LLC.",Dallas,Dallas County WDA,9,03/08/2024,02/29/2024,Irving
02/29/2024,Denbury Inc,Collin,North Central Texas WDA,111,04/30/2024,02/29/2024,Plano
02/27/2024,Expedia Group Inc. (Austin),Travis,Capital Area WDA,64,05/01/2024,02/27/2024,Austin
02/26/2024,Daifuku Services America Corp.,Dallas,Dallas County WDA,38,04/22/2024,02/26/2024,Carrollton
02/26/2024,Frontpoint LLC. (Primary Home Health Care),Tarrant,Tarrant County WDA,53,03/11/2024,02/26/2024,Arlington
02/23/2024,Oldcastle Infrastructure,Tarrant,Tarrant County WDA,64,04/22/2024,02/23/2024,Kennedale
02/22/2024,"Kasasa, LTD",Travis,Capital Area WDA,59,02/21/2024,02/22/2024,Austin
02/22/2024,Rio Grande Valley Sugar Growers 2024,Cameron,Cameron County WDA,435,04/29/2024,02/22/2024,Santa Rosa
04/04/2024,"Rooster Teeth Productions, LLC II",Travis,Capital Area WDA,6,06/08/2024,04/04/2024,Austin
04/03/2024,"Nosco, Inc.",Dallas,Dallas County WDA,51,06/02/2024,04/03/2024,Carrollton
03/28/2024,Davies UC LLC,Travis,Capital Area WDA,3,05/26/2024,03/28/2024,Austin
03/27/2024,Kroger Fulfillment Network LLC-San Antonio,Bexar,Alamo WDA,73,03/25/2024,03/27/2024,San Antonio
03/26/2024,Kroger Fulfillment Network LLC-Austin,Travis,Capital Area WDA,52,05/25/2024,03/26/2024,Austin
03/14/2024,Signify North America Corporation - Genlyte Thomas LLC,Hays,Rural Capital WDA,109,05/16/2024,03/14/2024,San Marcos
03/14/2024,Stanley Black and Decker,Hidalgo,Lower Rio Grande Valley WDA,127,05/10/2024,03/14/2024,Mission
03/11/2024,"Rooster Teeth Production, LLC",Travis,Rural Capital WDA,133,05/11/2024,03/11/2024,Austin
03/08/2024,"Tramontina USA, Inc.",Fort Bend,Gulf Coast WDA,62,03/08/2024,03/08/2024,Sugar Land
03/06/2024,Phoenix Assurance,Tarrant,Tarrant County WDA,25,04/30/2024,03/06/2024,Fort Worth
03/06/2024,Artic Slope Mission Services',El Paso,Borderplexjobs WDA,70,03/06/2024,03/06/2024,El Paso
04/30/2024,"Arnold Transportation Services, Inc",Dallas,Dallas County WDA,157,04/30/2024,04/30/2024,Grand Prairie
04/25/2024,"Soil Organic, Inc.",Navarro,North Central Texas WDA,61,09/13/2024,04/25/2024,Rice
04/23/2024,Tesla,Travis,Capital Area WDA,2688,04/19/2024,04/23/2024,Austin
04/23/2024,Expedia Group Inc. (Austin),Travis,Capital Area WDA,84,06/21/2024,04/23/2024,Austin
04/17/2024,Joyson Safety Systems,Bexar,Alamo WDA,108,06/01/2024,04/17/2024,San Antonio
04/16/2024,Kohler Co.,Brown,West Central WDA,93,06/14/2024,04/16/2024,Brownwood
06/04/2024,Kaiser Aluminum - Sherman,Grayson,Texoma WDA,75,07/11/2024,06/04/2024,Sherman
06/04/2024,99 Cents Only Store LLC (Waco),McLennan,Heart of Texas WDA,20,06/03/2024,06/04/2024,Waco
06/04/2024,99 Cents Only Stores - Houston - 4,Harris,Gulf Coast WDA,20,06/03/2024,06/04/2024,Houston
06/04/2024,99 Cents Only Stores - San Antonio,Bexar,Alamo WDA,20,06/03/2024,06/04/2024,San Antonio
06/04/2024,99 Cents Only Store LLC (Pasadena),Harris,Gulf Coast WDA,20,06/03/2024,06/04/2024,Pasadena
06/04/2024,99 Cents Only Store LLC (Mcallen),Hidalgo,Lower Rio Grande Valley WDA,20,06/03/2024,06/04/2024,McAllen
06/04/2024,99 Cents Only Store LLC (Rosenberg),Fort Bend,Gulf Coast WDA,20,06/03/2024,06/04/2024,Rosenberg
06/04/2024,99 Cents Only Store LLC (Walzem),Bexar,Alamo WDA,20,06/03/2024,06/04/2024,San Antonio
06/04/2024,99 Cents Only Store LLC (Katy#2),Harris,Gulf Coast WDA,20,06/03/2024,06/04/2024,Katy
06/03/2024,"Zachry Industrial, Inc. (Sabine Pass)",Jefferson,South East Texas WDA,4072,05/21/2024,06/03/2024,Sabine Pass
06/03/2024,"Zachry Industrial, Inc.(Orange)",Orange,South East Texas WDA,16,05/21/2024,06/03/2024,Orange
06/03/2024,"Zachry Industrial, Inc.(Beaumont)",Jefferson,South East Texas WDA,15,05/21/2024,06/03/2024,Beaumont
06/03/2024,"Zachry Industrial, Inc. (Baytown)",Harris,Gulf Coast WDA,307,05/21/2024,06/03/2024,Baytown
06/03/2024,99 Cents Only Store LLC. (Conroe),Montgomery,Gulf Coast WDA,20,06/03/2024,06/03/2024,Conroe
06/03/2024,99 Cents Only Store LLC (El Paso),El Paso,Borderplexjobs WDA,20,06/03/2024,06/03/2024,El Paso
06/03/2024,99 Cents Only Store LLC (Katy),Harris,Gulf Coast WDA,20,06/03/2024,06/03/2024,Katy
05/31/2024,Southwest Airlines  (Terminal Rd),Harris,Gulf Coast WDA,97,08/04/2024,05/31/2024,Houston
05/30/2024,Dallas Morning News North Plant,Collin,North Central Texas WDA,85,01/01/2025,05/30/2024,Plano
05/23/2024,Unleashed Brands (Towson),Tarrant,Tarrant County WDA,48,05/21/2024,05/23/2024,Bedford
05/21/2024,Walmart (Carrollton),Dallas,Dallas County WDA,206,08/09/2024,05/21/2024,Carrollton
05/20/2024,Walmart (Munger Blvd.),Dallas,None,1266,08/09/2024,05/20/2024,Dallas
05/17/2024,VSPOne Dallas,Denton,North Central Texas WDA,14,07/18/2024,05/17/2024,Lewisville
05/15/2024,GoldStar Transit (Waco ISD),McLennan,Heart of Texas WDA,94,06/01/2024,05/15/2024,Waco
05/14/2024,"Rarefied Atmosphere, Inc",Travis,Capital Area WDA,106,07/12/2024,05/14/2024,Austin
05/07/2024,"Arkane Studios, LLC.",Travis,Capital Area WDA,96,07/06/2024,05/07/2024,Austin
05/03/2024,Allied Universal Security Services (Wadsworth),Matagorda,Gulf Coast WDA,173,06/03/2024,05/03/2024,Wadsworth
05/02/2024,Denbury Inc.,Collin,North Central Texas WDA,3,06/30/2024,05/02/2024,Plano
05/02/2024,Baylor Scott & White Institute for Rehabilitation-Home Health,Denton,North Central Texas WDA,81,06/30/2024,05/02/2024,Flower Mound
05/02/2024,Select Specialty Hospital Longview-Select Medical Corporation,Gregg,East Texas WDA,94,06/30/2024,05/02/2024,Longview
05/02/2024,TATA Consultancy Services Limited 2024,Dallas,Dallas County WDA,94,05/06/2024,05/02/2024,Irving
05/02/2024,"Careismatic Brands, Inc.",Dallas,Dallas County WDA,202,05/31/2024,05/02/2024,Dallas
05/02/2024,Aramark Baylor (2100 River Street),McLennan,Heart of Texas WDA,64,05/31/2024,05/02/2024,Waco
05/02/2024,Aramark Baylor(1919 S.First Street),McLennan,Heart of Texas WDA,691,05/31/2024,05/02/2024,Waco
05/02/2024,GoldStar Transit(Robinson Independent School District),McLennan,Heart of Texas WDA,500,06/01/2024,05/02/2024,Robinson
05/02/2024,TATA Consultancy Services Limited 2024(Austin),Williamson,Rural Capital WDA,21,04/15/2024,05/02/2024,Austin
05/02/2024,E4D Technologies,Collin,North Central Texas WDA,67,05/01/2024,05/02/2024,Richardson
05/02/2024,Westlake Royal Building Products,Dallas,Dallas County WDA,260,05/04/2024,05/02/2024,Carrollton
07/05/2024,ShipBob Inc. (Grapevine),Dallas,Dallas County WDA,48,09/19/2024,07/05/2024,Grapevine
07/05/2024,ShipBob Inc. (Dallas Hub),Dallas,Dallas County WDA,3,09/19/2024,07/05/2024,Dallas
07/03/2024,"ISS Action, Inc.",Cameron,Cameron County WDA,197,08/31/2024,07/03/2024,Harlingen
06/30/2024,"Zachry Industrial, Inc. (Baytown) Updated",Chambers,Gulf Coast WDA,28,08/31/2024,06/30/2024,Baytown
06/30/2024,"Zachry Industrial, Inc. (Sabine Pass) Updated",Jefferson,South East Texas WDA,33,08/31/2024,06/30/2024,Sabine Pass
06/30/2024,"Zachry Industrial, Inc. (Orange) Updated",Orange,South East Texas WDA,32,06/30/2024,06/30/2024,Orange
06/30/2024,"Zachry Industrial, Inc. (Beaumont) Updated",Jefferson,South East Texas WDA,33,08/31/2024,06/30/2024,Beaumont
06/27/2024,New Options Sports,Dallas,Dallas County WDA,45,08/26/2024,06/27/2024,Farmers Branch
06/25/2024,Southeast Service Corporation Services For Education,Kleberg,Coastal Bend WDA,95,08/02/2024,06/25/2024,Kingsville
06/24/2024,"Ardagh Glass Packaging, Inc.",Harris,Gulf Coast WDA,220,07/01/2024,06/24/2024,Houston
06/20/2024,HII Mission Technologies (HII Defense and Federal Solutions),Bexar,Alamo WDA,57,07/31/2024,06/20/2024,San Antonio
06/17/2024,Compass Group / Fresh & Ready Foods,Dallas,Dallas County WDA,65,08/30/2024,06/17/2024,Dallas
06/14/2024,Charter Communications (Austin),Travis,Capital Area WDA,230,08/15/2024,06/14/2024,Austin
06/14/2024,CoreCivic (South Texas Family Residential Center),Frio,Alamo WDA,433,08/13/2024,06/14/2024,Dilley
06/13/2024,Target Hospitality (Dilley South Texas Family Residential Center),Frio,Alamo WDA,95,08/12/2024,06/13/2024,Dilley
06/12/2024,Coach USA (Kerrvile Bus Company),Bexar,Alamo WDA,50,09/03/2024,06/12/2024,San Antonio
06/11/2024,Hunter Douglas Fabrication Company (Custom Brands Group) Updated,Collin,North Central Texas WDA,53,09/13/2024,06/11/2024,McKinney
06/10/2024,"Intrepid U.S.A., Inc.",Dallas,Dallas County WDA,102,08/05/2024,06/10/2024,Dallas
08/14/2024,Conn's HomePlus (Grand Prairie),Dallas,Dallas County WDA,16,10/07/2024,08/14/2024,Grand Prairie
08/12/2024,"Arbor E & T, LLC Equus Workforce Solutions San Marcos Office",Hays,Rural Capital WDA,17,09/30/2024,08/12/2024,San Marcos
08/12/2024,"Arbor E & T, LLC Equus Workforce Solutions Lockhart Office",Caldwell,Rural Capital WDA,3,09/30/2024,08/12/2024,Lockhart
08/12/2024,"Arbor E & T, LLC Equus Workforce Solutions Bastrop Office",Bastrop,Rural Capital WDA,8,09/30/2024,08/12/2024,Bastrop
08/12/2024,"Arbor E & T, LLC Equus Workforce Solutions Giddings Office",Lee,Rural Capital WDA,3,09/30/2024,08/12/2024,Giddings
08/12/2024,"Arbor E & T, LLC Equus Workforce Solutions La Grange Office",Fayette,Rural Capital WDA,1,09/30/2024,08/12/2024,La Grange
08/12/2024,"Arbor E&T, LLC Equus Workforce Solutions Round Rock",Williamson,Rural Capital WDA,26,09/30/2024,08/12/2024,Round Rock
08/12/2024,"Arbor E & T, LLC Equus Workforce Solutions Burnet",Burnet,Rural Capital WDA,6,09/30/2024,08/12/2024,Burnet
08/12/2024,"Arbor E & T, LLC Equus Workforce Solutions Llano Satellite Office",Llano,Rural Capital WDA,1,09/30/2024,08/12/2024,Llano
08/12/2024,"Arbor E & T, LLC Equus Workforce Solutions Johnson City Satellite Office",Blanco,Rural Capital WDA,1,09/30/2024,08/12/2024,Johnson City
08/12/2024,"Arbor E & T, LLC Equus Workforce Solutions Bartlett Satellite Office",Williamson,Rural Capital WDA,1,09/30/2024,08/12/2024,Bartlett
08/12/2024,"Arbor E & T, LLC Equus Workforce Solutions Taylor Satellite Office",Williamson,Rural Capital WDA,1,09/30/2024,08/12/2024,Taylor
08/12/2024,"INVISTA (Orange) Nylon Chemicals Americas, LLC",Orange,South East Texas WDA,75,09/16/2024,08/12/2024,Orange
08/12/2024,Landshark Bar & Grill,Bexar,Alamo WDA,18,08/17/2024,08/12/2024,San Antonio
08/08/2024,Seton Medical Center,Travis,Capital Area WDA,15,10/01/2024,08/08/2024,Austin
08/08/2024,Seton Medical Center Hays,Hays,Rural Capital WDA,16,10/01/2024,08/08/2024,Kyle
08/08/2024,Seton Highland Lakes Hospital,Burnet,Rural Capital WDA,15,10/01/2024,08/08/2024,Burnet
08/08/2024,Seton Northwest Hospital,Travis,Capital Area WDA,16,10/01/2024,08/08/2024,Austin
08/08/2024,Seton Medical Center Williams,Williamson,Rural Capital WDA,15,10/01/2024,08/08/2024,Round Rock
08/08/2024,Seton Southwest Medical Center,Travis,Capital Area WDA,15,10/01/2024,08/08/2024,Austin
08/08/2024,Texas Children's Hosptal (Texas Medical Center),Harris,Gulf Coast WDA,997,10/02/2024,08/08/2024,Houston
08/08/2024,ABM Texas (TCC Northeast),Tarrant,Tarrant County WDA,23,08/31/2024,08/08/2024,Hurst
08/08/2024,ABM Texas (TCC Northwest),Tarrant,Tarrant County WDA,23,08/31/2024,08/08/2024,Fort Worth
08/08/2024,ABM Texas (TCC South),Tarrant,Tarrant County WDA,23,08/31/2024,08/08/2024,Fort Worth
08/08/2024,ABM Texas (TCC Southeast),Tarrant,Tarrant County WDA,23,08/31/2024,08/08/2024,Arlington
08/08/2024,ABM Texas (TCC Trinity),Tarrant,Tarrant County WDA,23,08/31/2024,08/08/2024,Fort Worth
08/07/2024,Conn's Appliances (Beaumont Site),Jefferson,South East Texas WDA,32,09/23/2024,08/07/2024,Beaumont
08/07/2024,Conn's Appliances (Woodlands Site),Jefferson,Gulf Coast WDA,183,09/23/2024,08/07/2024,Beaumont
08/07/2024,Conn's Appliances (San Antonio),Bexar,Alamo WDA,36,09/23/2024,08/07/2024,San Antonio
08/07/2024,"Fleco Industries, LLC",Dallas,Dallas County WDA,174,09/29/2024,08/07/2024,Carrollton
08/07/2024,The Gunter Hotel San Antonio,Bexar,Alamo WDA,75,10/01/2024,08/07/2024,San Antonio
08/06/2024,MII Technologies (AOUSC),Bexar,Alamo WDA,57,10/31/2024,08/06/2024,San Antonio
08/05/2024,Exxon Mobil (Midland #1),Midland,Permian Basin WDA,1,09/30/2024,08/05/2024,Midland
08/05/2024,Exxon Mobil (Midland #2),Midland,Permian Basin WDA,7,09/30/2024,08/05/2024,Midland
08/05/2024,Exxon Mobil (Midland #3),Midland,Permian Basin WDA,10,09/30/2024,08/05/2024,Midland
08/01/2024,Exxon Mobile (Las Colinas Office),Dallas,Dallas County WDA,39,09/30/2024,08/01/2024,Irving
08/01/2024,Exxon Mobil (Big Lake),Reagan,Concho Valley WDA,2,09/30/2024,08/01/2024,Big Lake
07/29/2024,SunPower Corporation (Waterford),Travis,Capital Area WDA,6,09/24/2024,07/29/2024,Austin
07/26/2024,"BIMBO Bakeries USA, Inc.",Bexar,Alamo WDA,138,10/05/2024,07/26/2024,San Antonio
07/26/2024,Holiday Inn Club Vacations Incorporated,Galveston,Gulf Coast WDA,54,07/29/2024,07/26/2024,Galveston
07/25/2024,"GEODIS Logistics, LLC (Casestack)",Tarrant,Tarrant County WDA,76,09/17/2024,07/25/2024,Grand Prairie
07/25/2024,Quality Custom Distribution,Bexar,Alamo WDA,57,09/27/2024,07/25/2024,Schertz
07/23/2024,Pitney Bowes Inc.(Austin),Travis,Capital Area WDA,12,09/17/2024,07/23/2024,Austin
07/23/2024,Pitney Bowes Inc.(Irving),Dallas,Dallas County WDA,2,09/17/2024,07/23/2024,Irving
07/18/2024,Master WoodCraft Cabinetry (Marshall),Harrison,East Texas WDA,298,09/13/2024,07/18/2024,Marshall
07/18/2024,Master WoodCraft Cabinetry (Jefferson),Marion,East Texas WDA,76,09/13/2024,07/18/2024,Jefferson
07/18/2024,Golden Pass LNG Export Terminal (Sunbelt Rentals),Jefferson,South East Texas WDA,277,05/21/2024,07/18/2024,Port Arthur
07/18/2024,"STG International, Inc.",Frio,Alamo WDA,107,07/31/2024,07/18/2024,Dilley
07/17/2024,DHL Supply Chain (Carrollton),Dallas,Dallas County WDA,104,09/14/2024,07/17/2024,Carrollton
07/17/2024,"RXO Last Mile, Inc. (Greens Parkway)",Harris,Gulf Coast WDA,27,09/16/2024,07/17/2024,Houston
07/17/2024,Vectrus Systems Corporation(V2X) Sheppard Air Force Base,Archer,North Texas WDA,123,09/30/2024,07/17/2024,Wichita Falls
09/16/2024,Laboratory Corporation of America Holdings,Harris,Gulf Coast WDA,132,11/22/2024,09/16/2024,Houston
09/13/2024,Compass Group / Fresh & Ready Foods,Dallas,Dallas County WDA,,,09/13/2024,Dallas
09/12/2024,Southwest Key Program (Casa Trail House),El Paso,Borderplexjobs WDA,666,11/09/2024,09/12/2024,El Paso
09/11/2024,Southwestern Health Resources,Dallas,Dallas County WDA,129,09/10/2024,09/11/2024,Farmers Branch
09/10/2024,Management & Training Corp. - MTC Medical LLC  (Giles W. Dalby Facility),Garza,South Plains WDA,218,09/30/2024,09/10/2024,Post
09/06/2024,"Steward Medical Group, Inc.",Dallas,Dallas County WDA,40,10/29/2024,09/06/2024,Richardson
09/04/2024,Steward Health Care System,Bowie,North East Texas WDA,43,11/02/2024,09/04/2024,Texarkana
09/04/2024,"Basler Plastics, LLC",Hays,Rural Capital WDA,41,12/31/2024,09/04/2024,San Marcos
08/30/2024,"HCL America, Inc. (HCL Tech)",Collin,North Central Texas WDA,43,11/01/2024,08/30/2024,Frisco
08/28/2024,Signify North America Corporation-Genlyte Thomas LLC (Updated),Hays,Rural Capital WDA,109,08/02/2024,08/28/2024,San Marcos
08/27/2024,Callaway Golf Interactive Inc,Travis,Capital Area WDA,28,10/28/2024,08/27/2024,Austin
08/21/2024,VSPOne Dallas (VSP Optical Group),Denton,North Central Texas WDA,69,10/18/2024,08/21/2024,Lewisville
09/23/2024,Cygnus Home Services LLC. (San Antonio) Yelloh,Bexar,Alamo WDA,11,11/22/2024,09/23/2024,San Antonio
09/23/2024,Cygnus Home Services LLC. (Lewisville) Yelloh,Denton,North Central Texas WDA,25,11/22/2024,09/23/2024,Lewisville
09/19/2024,Expedia Group Inc. (Austin),Travis,Capital Area WDA,57,11/18/2024,09/19/2024,Austin
11/12/2024,Exxon Mobile (Las Colinas Office),Dallas,Dallas County WDA,376,12/31/2024,11/12/2024,Irving
11/12/2024,Kuehne + Nagel (KN),Denton,None,68,12/13/2024,11/12/2024,Lewisville
11/12/2024,Exxon Mobil (Midland #1),Midland,Permian Basin WDA,9,12/31/2024,11/12/2024,Midland
11/12/2024,Exxon Mobil (Midland #3),Midland,Permian Basin WDA,9,12/31/2024,11/12/2024,Midland
11/05/2024,"WIT Services Co., LLC",Erath,North Central Texas WDA,15,12/27/2024,11/05/2024,Stephenville
11/05/2024,"Paragon Industries, Inc.",Erath,North Central Texas WDA,70,01/10/2025,11/05/2024,Stephenville
10/30/2024,Alcom LLC,McLennan,Heart of Texas WDA,83,12/16/2024,10/30/2024,Waco
10/29/2024,DHL Supply Chain (Missouri City 2024),Fort Bend,Gulf Coast WDA,43,01/13/2025,10/29/2024,Missouri City
10/29/2024,DHL Supply Chain (Sugar Land 2024),Fort Bend,Gulf Coast WDA,10,01/13/2025,10/29/2024,Sugar Land
10/29/2024,Marathon Oil Corporation,Harris,Gulf Coast WDA,500,05/28/2024,10/29/2024,Houston
10/24/2024,Sodexo (Alcon Labs),Tarrant,Tarrant County WDA,70,12/24/2024,10/24/2024,Fort Worth
10/23/2024,Wolfspeed,Dallas,Dallas County WDA,73,11/23/2024,10/23/2024,Farmers Branch
10/23/2024,"True Value Company, L.L.C.",Navarro,North Central Texas WDA,107,12/14/2024,10/23/2024,Corsicana
10/22/2024,DENNIS Uniform,Tarrant,Tarrant County WDA,139,10/19/2024,10/22/2024,Fort Worth
10/16/2024,Intel Corporation,Travis,Capital Area WDA,251,11/15/2024,10/16/2024,Austin
10/16/2024,"National Fire & Safety, Inc",Dallas,Dallas County WDA,99,12/16/2024,10/16/2024,Dallas
10/16/2024,MP2 Energy LLC (Shell Energy),Harris,Gulf Coast WDA,103,12/13/2024,10/16/2024,Houston
10/10/2024,"Jabil, Inc.",Collin,North Central Texas WDA,136,12/06/2024,10/10/2024,Richardson
10/10/2024,International Paper Company San Antonio,Bexar,Alamo WDA,89,11/18/2024,10/10/2024,San Antonio
12/11/2024,"Get Fresh Produce, LLC",Harris,Gulf Coast WDA,44,01/19/2025,12/11/2024,Houston
12/11/2024,United Language Group,Bexar,Alamo WDA,60,02/07/2025,12/11/2024,San Antonio
12/11/2024,DallasNews Corporation,Collin,North Central Texas WDA,75,02/01/2025,12/11/2024,Plano
12/04/2024,TTEC Government Solutions,Travis,Capital Area WDA,650,02/07/2025,12/04/2024,Austin
11/25/2024,"SDH Service East, LLC",Bexar,Alamo WDA,166,01/23/2024,11/25/2024,San Antonio
11/25/2024,Exxon Mobil Corporation (Big Lake) #1,Reagan,Concho Valley WDA,1,12/31/2024,11/25/2024,Big Lake
11/25/2024,Exxon Mobil Corporation (Big Lake) #2,Reagan,Concho Valley WDA,2,03/31/2025,11/25/2024,Big Lake
11/19/2024,Advanced Auto Parts (Grand Prairie),Dallas,Dallas County WDA,10,02/14/2025,11/19/2024,Grand Prairie
11/19/2024,Advanced Auto Parts (Forest Hill),Tarrant,Tarrant County WDA,9,02/11/2025,11/19/2024,Forest Hill
11/19/2024,Advanced Auto Parts (Mccart Ave.),Tarrant,Tarrant County WDA,9,02/11/2025,11/19/2024,Fort Worth
11/19/2024,Advanced Auto Parts (Josey Ln),Dallas,Dallas County WDA,10,02/10/2025,11/19/2024,Dallas
11/19/2024,Advanced Auto Parts (Camp Bowie),Tarrant,Tarrant County WDA,11,02/09/2025,11/19/2024,Fort Worth
11/19/2024,Advanced Auto Parts (Carroll Avenue),Dallas,Dallas County WDA,8,02/10/2025,11/19/2024,Dallas
11/19/2024,Advanced Auto Parts #6855 (Pearland),Brazoria,Gulf Coast WDA,10,02/15/2025,11/19/2024,Pearland
11/19/2024,Advanced Auto Parts (Garland),Dallas,Dallas County WDA,10,02/12/2025,11/19/2024,Garland
11/19/2024,Advanced Auto Parts # 8054 (Cypress),Harris,Gulf Coast WDA,12,02/15/2025,11/19/2024,Cypress
11/19/2024,Advanced Auto Parts # 8169 (Houston),Harris,Gulf Coast WDA,8,02/13/2025,11/19/2024,Houston
11/19/2024,Advanced Auto Parts # 7993 (Conroe),Montgomery,Gulf Coast WDA,6,01/29/2025,11/19/2024,Conroe
11/19/2024,Advanced Auto Parts # 8046 (Spring),Montgomery,Gulf Coast WDA,11,02/15/2025,11/19/2024,Spring
11/19/2024,Advanced Auto Parts # 8489 (Houston II),Harris,Gulf Coast WDA,7,01/27/2025,11/19/2024,Houston
11/18/2024,Advanced Auto Parts# 7776 (Plano),Collin,North Central Texas WDA,12,02/15/2025,11/18/2024,Plano
11/18/2024,Advanced Auto Parts #7912 (Plano),Collin,North Central Texas WDA,10,02/12/2025,11/18/2024,Plano
11/18/2024,Advanced Auto Parts# 7734 (Burleson),Johnson,North Central Texas WDA,1,02/12/2024,11/18/2024,Burleson
01/15/2025,Macy's - Houston (Almeda),Harris,Gulf Coast WDA,72,03/18/2025,01/15/2025,Houston
01/14/2025,RR Donnelley,Nacogdoches,Deep East Texas WDA,88,03/15/2025,01/14/2025,Nacogdoches
01/14/2025,"COSMAX NBT USA, INC #1",Dallas,Dallas County WDA,80,02/28/2025,01/14/2025,Garland
01/09/2025,"Scentsy, Inc.",Dallas,Dallas County WDA,94,03/01/2025,01/09/2025,Coppell
01/08/2025,Commanche Peak Nuclear Power Plant,Somervell,North Central Texas WDA,86,01/31/2025,01/08/2025,Glen Rose
01/08/2025,Crothall Healthcare-Houston,Harris,Gulf Coast WDA,69,12/15/2024,01/08/2025,Houston
01/07/2025,"ICON Technology, Inc.",Travis,Capital Area WDA,114,03/08/2025,01/07/2025,Austin
12/27/2024,"Tenneco, Inc.",El Paso,Borderplexjobs WDA,140,02/15/2025,12/27/2024,El Paso
12/18/2024,Stealth Monitoring,Collin,Dallas County WDA,29,02/11/2025,12/18/2024,Addison
02/11/2025,Animal Supply Co. LLC,Tarrant,Tarrant County WDA,145,02/21/2025,02/11/2025,Grand Prairie
02/11/2025,Catholic Charities of Dallas (Refuge Resettlement Program),Dallas,Dallas County WDA,63,02/11/2025,02/11/2025,Dallas
02/11/2025,Propio Language Services,Bexar,Alamo WDA,40,02/11/2025,02/11/2025,San Antonio
02/10/2025,Catholic Charities Archdiocese Of Galveston-Houston (Louisiana Street),Harris,Gulf Coast WDA,11,02/07/2025,02/10/2025,Houston
02/10/2025,Catholic Charities Archdiocese Of Galveston-Houston (Smith Street),Harris,Gulf Coast WDA,43,02/07/2025,02/10/2025,Houston
02/10/2025,Catholic Charities Archdiocese Of Galveston-Houston (Bering Drive),Harris,Gulf Coast WDA,58,02/07/2025,02/10/2025,Houston
02/10/2025,Catholic Charities Archdiocese Of Galveston-Houston (San Felipe),Harris,Gulf Coast WDA,8,02/07/2025,02/10/2025,Houston
02/05/2025,Syzygy Plasmonics,Harris,Gulf Coast WDA,58,03/31/2025,02/05/2025,Houston
02/05/2025,Syzygy Plasmonics (Kirby),Harris,Gulf Coast WDA,10,03/31/2025,02/05/2025,Houston
02/05/2025,"LX Pantos America, Inc.",Tarrant,Tarrant County WDA,131,04/04/2025,02/05/2025,Fort Worth
02/05/2025,Pathlight Property Management (OPVHHJV LLC),Collin,North Central Texas WDA,192,03/31/2025,02/05/2025,Plano
02/05/2025,Hll Mission Technologies(Administrative Office of the US Courts (AOUSC),Bexar,Alamo WDA,56,03/31/2025,02/05/2025,San Antonio
01/30/2025,One TouchPoint,Travis,Capital Area WDA,43,01/31/2025,01/30/2025,Austin
01/29/2025,S & B Engineers and Constructors (Eastman),Gregg,East Texas WDA,43,03/28/2025,01/29/2025,Longview
01/29/2025,Allied Aviation-Southlake,Tarrant,Tarrant County WDA,362,03/31/2025,01/29/2025,Southlake
01/29/2025,Manpower Group (Irving),Dallas,Dallas County WDA,173,03/28/2025,01/29/2025,Irving
01/27/2025,"Construction Specialties Platforn Holdings, LLC",Denton,North Central Texas WDA,89,03/31/2025,01/27/2025,Denton
01/21/2025,"Chalk Mountain Services of Texas of Texas, LLC (Pleasanton)",Atascosa,Alamo WDA,1,02/02/2025,01/21/2025,Pleasanton
03/12/2025,Grocery Delivery E Services USA DBA Hello Fresh (Tarrant),Tarrant,Tarrant County WDA,273,05/13/2025,03/12/2025,Grand Prairie
03/12/2025,Constellis LLC (Laredo Border Station),Webb,South Texas WDA,121,03/07/2025,03/12/2025,Laredo
03/12/2025,Constellis LLC (Laredo #2),Webb,South Texas WDA,30,03/07/2025,03/12/2025,Laredo
03/12/2025,Chewy Inc. Fullfillment Center,Dallas,Dallas County WDA,674,05/10/2025,03/12/2025,Dallas
03/12/2025,"De La Paz Cleaning and Rental Services, LLC (Laredo)",Webb,South Texas WDA,142,03/07/2025,03/12/2025,Laredo
03/12/2025,Country Pure Foods,Harris,Gulf Coast WDA,60,05/09/2025,03/12/2025,Houston
03/11/2025,Interfaith Ministries Of Greater Houston (Refugee Services Program),Harris,Gulf Coast WDA,101,03/14/2025,03/11/2025,Houston
03/11/2025,"De La Paz Cleaning and Rental Services, LLC (North Eagle Pass)",Maverick,Middle Rio Grande WDA,60,03/03/2025,03/11/2025,Eagle Pass
03/11/2025,"De La Paz Cleaning and Rental Services, LLC (Donna)",Hidalgo,Lower Rio Grande Valley WDA,125,03/07/2025,03/11/2025,Donna
03/11/2025,"Centerra (Constellis, LLC)",Hidalgo,Lower Rio Grande Valley WDA,23,03/07/2025,03/11/2025,McAllen
03/10/2025,"Catholic Charities, Diocese of Fort Worth, INC",Tarrant,Tarrant County WDA,169,03/14/2025,03/10/2025,Fort Worth
03/06/2025,Ryder -Hutchins,Dallas,Dallas County WDA,110,05/10/2025,03/06/2025,Hutchins
03/06/2025,"Hatco, Inc",Gregg,East Texas WDA,68,02/27/2025,03/06/2025,Longview
03/05/2025,Pure Safety Group Inc. DBA Guardian Fall,Harris,Gulf Coast WDA,59,03/20/2025,03/05/2025,Houston
03/05/2025,"LUKE Holdings, Inc. (Del Rio)",Val Verde,Middle Rio Grande WDA,36,02/28/2025,03/05/2025,Del Rio
03/05/2025,"LUKE Holdings, Inc. (Donna)",Hidalgo,Lower Rio Grande Valley WDA,201,02/28/2025,03/05/2025,Donna
03/05/2025,"LUKE Holdings, Inc (Eagle Pass)",Maverick,Middle Rio Grande WDA,129,02/28/2025,03/05/2025,Eagle Pass
03/03/2025,JELD -WEN -Coppell,Dallas,Dallas County WDA,56,04/28/2025,03/03/2025,Coppell
03/03/2025,"LUKE Holdings, Inc.(Laredo)",Webb,South Texas WDA,73,02/28/2025,03/03/2025,Laredo
03/03/2025,"LUKE Holdings, Inc. (El Paso)",El Paso,Borderplexjobs WDA,227,02/28/2025,03/03/2025,El Paso
02/26/2025,MVM,El Paso,Borderplexjobs WDA,247,03/18/2025,02/26/2025,El Paso
02/26/2025,"MVM, Inc. (McAllen)",Hidalgo,Lower Rio Grande Valley WDA,132,03/18/2025,02/26/2025,McAllen
02/25/2025,Houston Refining LP (2025),Harris,Gulf Coast WDA,345,04/17/2025,02/25/2025,Houston
02/24/2025,Christus Health Santa Rosa Medical Center,Bexar,Alamo WDA,479,04/25/2025,02/24/2025,San Antonio
02/24/2025,L3Harris Technologies (JAVA MAN Program),Rockwall,North Central Texas WDA,179,04/22/2025,02/24/2025,Rockwall
02/19/2025,Southwest - Dallas Lovefield Airport,Dallas,Dallas County WDA,626,04/22/2025,02/19/2025,Dallas
02/19/2025,Neiman Marcus-One Marcus Square,Dallas,Dallas County WDA,1,03/31/2025,02/19/2025,Dallas
02/18/2025,Raices,Bexar,Alamo WDA,61,02/12/2025,02/18/2025,San Antonio
04/23/2025,"Graphic Solutions, Inc. (Spring Valley)",Dallas,Dallas County WDA,64,06/13/2025,04/23/2025,Dallas
04/23/2025,"Graphic Solutions, Inc (Welch Rd)",Dallas,Dallas County WDA,2,06/13/2025,04/23/2025,Dallas
04/23/2025,Graphic Solutuions Inc. (Farmers Branch),Dallas,Dallas County WDA,5,06/13/2025,04/23/2025,Farmers Branch
04/16/2025,MedStar Mobile Healthcare,Tarrant,Tarrant County WDA,589,07/01/2025,04/16/2025,Fort Worth
04/16/2025,Virtex Enterprises LP,Travis,Capital Area WDA,84,06/14/2025,04/16/2025,Austin
04/08/2025,Catholic Charities Archdiocese Of Galveston-Houston (Cabrini CFLA)San Felipe,Harris,Gulf Coast WDA,36,03/31/2025,04/08/2025,Houston
04/08/2025,Catholic Charities Archdiocese Of Galveston-Houston (Cabrini CFLA)Louisiana Street,Harris,Gulf Coast WDA,6,,04/08/2025,Houston
04/08/2025,Catholic Charities Archdiocese Of Galveston-Houston (Cabrini CFLA)Collins Road,Fort Bend,Gulf Coast WDA,2,03/31/2025,04/08/2025,Richmond
04/08/2025,Catholic Charities Archdiocese Of Galveston-Houston (Cabrini CFLA)South Loop West,Harris,Gulf Coast WDA,1,03/31/2025,04/08/2025,Houston
04/08/2025,US Cellular Corporation,Archer,Heart of Texas WDA,1,06/02/2025,04/08/2025,Wichita Falls
04/08/2025,"Movate, Inc.",Bell,North Central Texas WDA,51,05/31/2025,04/08/2025,Temple
04/08/2025,Raices (April 2025),Bexar,Alamo WDA,159,04/02/2025,04/08/2025,San Antonio
04/02/2025,Southeast Service Corporation Services for Education (Georgetown ISD),Williamson,None,60,05/31/2025,04/02/2025,Georgetown
04/02/2025,Envision Physician Services LLC,Bexar,Alamo WDA,120,05/31/2025,04/02/2025,San Antonio
04/02/2025,Denali,Collin,North Central Texas WDA,28,06/02/2025,04/02/2025,Plano
03/26/2025,VF's Dickies Headquarters,Tarrant,Tarrant County WDA,125,05/30/2025,03/26/2025,Fort Worth
03/26/2025,American Bar Association (ProBAR),Cameron,Cameron County WDA,191,05/19/2025,03/26/2025,Harlingen
03/26/2025,Waco Family Medicine (Meyer Center),McLennan,Heart of Texas WDA,52,03/21/2025,03/26/2025,Waco
03/26/2025,SouthState Bank,Collin,North Central Texas WDA,141,05/31/2025,03/26/2025,McKinney
03/26/2025,Durhan School Services-Wichita Falls,Archer,North Texas WDA,1,06/30/2025,03/26/2025,Wichita Falls
03/26/2025,Waco Family Medicine (Bell's Hill),McLennan,Heart of Texas WDA,52,03/21/2025,03/26/2025,Waco
03/26/2025,Waco Familly Medicine (MCC),McLennan,Heart of Texas WDA,52,03/21/2025,03/26/2025,Waco
03/19/2025,"BH Security, LLC DBA Brinks Home",Dallas,Dallas County WDA,61,06/30/2025,03/19/2025,Dallas
03/18/2025,"Church World Service, Inc.",Harris,Gulf Coast WDA,63,02/03/2025,03/18/2025,Houston
03/17/2025,"C&S Family of Companies (GSC Wholesale, LLC)",Harris,Gulf Coast WDA,21,03/14/2025,03/17/2025,Houston
05/28/2025,Texana Center (Building A) Airport Service Center,Fort Bend,Gulf Coast WDA,27,05/21/2025,05/28/2025,Rosenberg
05/28/2025,Texana Center (Building B) Airport Service Center,Fort Bend,Gulf Coast WDA,25,05/21/2025,05/28/2025,Rosenberg
05/28/2025,Texana Center El Campo Learning Center,Wharton,Gulf Coast WDA,9,05/21/2025,05/28/2025,El Campo
05/28/2025,Texana Center Glenn Lakes Group Home,Fort Bend,Gulf Coast WDA,7,05/21/2025,05/28/2025,Missouri City
05/28/2025,Texana Center North Street Group Home,Fort Bend,Gulf Coast WDA,7,05/21/2025,05/28/2025,Rosenberg
05/28/2025,Texana Center Aqua Vista Group,Fort Bend,Heart of Texas WDA,4,05/21/2025,05/28/2025,Rosenberg
05/28/2025,Texana Center Russeff Filed  Home,Fort Bend,Gulf Coast WDA,5,05/21/2025,05/28/2025,Rosenberg
05/28/2025,Texana Center Dovecoft Group Home,Fort Bend,Gulf Coast WDA,6,05/21/2025,05/28/2025,Rosenberg
05/28/2025,Texana Center Camden Landing Group Home,Fort Bend,Gulf Coast WDA,5,05/21/2025,05/28/2025,Rosenberg
05/28/2025,Texana Center Sunset Group Home,Wharton,Gulf Coast WDA,8,05/21/2025,05/28/2025,Wharton
05/28/2025,Texana Center Willowbend Group Home,Wharton,Gulf Coast WDA,6,05/21/2025,05/28/2025,Wharton
05/28/2025,Texana Center University Group Home,Wharton,Gulf Coast WDA,5,05/21/2025,05/28/2025,Wharton
05/28/2025,Texana Center Maude Group Home,Wharton,Gulf Coast WDA,4,05/21/2025,05/28/2025,Wharton
05/27/2025,LACROIX,El Paso,Borderplexjobs WDA,7,07/01/2025,05/27/2025,El Paso
05/21/2025,Child Care Associates,Tarrant,Tarrant County WDA,93,06/30/2025,05/21/2025,Ft. Worth
05/21/2025,Child Care Associates (Tucker),Tarrant,Tarrant County WDA,7,06/30/2025,05/21/2025,Arlington
05/21/2025,Child Care Associates (Linda Kay),Tarrant,Tarrant County WDA,15,06/30/2025,05/21/2025,Hurst
05/21/2025,Child Care Associates (Mansfield),Tarrant,Tarrant County WDA,15,06/30/2025,05/21/2025,Mansfield
05/21/2025,Child Care Associates (Carson),Tarrant,Tarrant County WDA,14,05/21/2025,05/21/2025,Fort Worth
05/21/2025,Child Care Associates (Meachum),Tarrant,Tarrant County WDA,15,06/30/2025,05/21/2025,Fort Worth
05/21/2025,Child Care Associates (Reagan),Tarrant,Tarrant County WDA,14,06/30/2025,05/21/2025,Fort Worth
05/21/2025,Child Care Associates (Rosedale V),Tarrant,Tarrant County WDA,16,06/30/2025,05/21/2025,Fort Worth
05/21/2025,Child Care Associates (Diamond Road),Tarrant,Tarrant County WDA,13,06/30/2025,05/21/2025,Fort Worth
05/21/2025,Child Care Associates (Morris Foundation),Tarrant,Tarrant County WDA,17,06/30/2025,05/21/2025,Fort Worth
05/21/2025,Child Care Associates(North Fort Worth),Tarrant,Tarrant County WDA,16,06/30/2025,05/21/2025,Fort Worth
05/21/2025,Child Care Associates (Blanche),Tarrant,Tarrant County WDA,17,06/30/2025,05/21/2025,Fort Worth
05/21/2025,Child Care Associates (Arlington 2),Tarrant,Tarrant County WDA,22,06/30/2025,05/21/2025,Arlington
05/21/2025,Child Care Associates (JA Hargrave),Tarrant,Tarrant County WDA,19,06/30/2025,05/21/2025,Fort Worth
05/21/2025,Child Care Associates (Everman),Tarrant,Tarrant County WDA,9,06/30/2025,05/21/2025,Fort Worth
05/21/2025,Sodexo (International Leadership TX),Dallas,Dallas County WDA,165,06/30/2025,05/21/2025,Irving
05/21/2025,F&S Produce West LLC,Harris,Gulf Coast WDA,225,07/20/2025,05/21/2025,Houston
05/20/2025,FedEx Supply Chain Logistics & Electronics (Ft. Worth),Tarrant,Tarrant County WDA,305,07/06/2025,05/20/2025,Fort Worth
05/16/2025,Chevron (Deauville Blvd),Midland,Permian Basin WDA,185,07/15/2025,05/28/2025,Midland
05/16/2025,Chevron (S. County Rd.),Midland,Permian Basin WDA,1,07/15/2025,05/28/2025,Midland
05/16/2025,Chevron (N. FM 1788),Midland,Permian Basin WDA,14,07/15/2025,05/28/2025,Midland
05/14/2025,International Paper Company(Edinburg),Hidalgo,Lower Rio Grande Valley WDA,63,05/09/2025,05/14/2025,Edinburg
05/14/2025,International Paper Company (Edinburg W. Chapin),Hidalgo,Lower Rio Grande Valley WDA,64,05/09/2025,05/14/2025,Edinburg
05/14/2025,International Paper Company (McAllen),Hidalgo,Lower Rio Grande Valley WDA,5,05/09/2025,05/14/2025,McAllen
05/14/2025,Atria Wealth Solutions,Fort Bend,Gulf Coast WDA,55,07/04/2025,05/14/2025,Houston
05/08/2025,Museum of Ice Cream,Travis,Capital Area WDA,38,07/10/2025,05/08/2025,Austin
05/08/2025,WSS (Foot Locker),Harris,Gulf Coast WDA,57,07/07/2025,05/08/2025,Houston
05/07/2025,TRIGO (Tesla),Travis,Capital Area WDA,50,04/28/2025,05/07/2025,Austin
05/06/2025,Smurfikt Westrock Facility (ForneyTexas),Kaufman,North Central Texas WDA,200,06/30/2025,05/06/2025,Forney
05/06/2025,Tom Thumb Store #3579,Collin,North Central Texas WDA,75,,05/06/2025,Allen
05/01/2025,Chick-Fil-A (N. Collins St. Plant),Tarrant,Tarrant County WDA,10,06/07/2025,05/01/2025,Arlington
04/30/2025,PULAU Corporation,Bell,Central Texas WDA,64,06/30/2025,04/30/2025,Killeen
04/30/2025,Texas Central School Bus (Purnell),Denton,None,174,07/17/2025,04/30/2025,Lewisville
04/30/2025,Texas Central School Bus (Mill),Denton,North Central Texas WDA,131,07/15/2025,04/30/2025,Lewisville
04/30/2025,Texas Central School Bus (Cougar Alley),Denton,North Central Texas WDA,155,07/15/2025,04/30/2025,The Colony
